timestamp_rounded,totaal_vermogen
2024-09-09 13:30:00,0.0
2024-09-09 13:31:00,0.0
2024-09-09 13:32:00,0.0
2024-09-09 13:33:00,0.0
2024-09-09 13:34:00,0.0
2024-09-09 13:35:00,0.0
2024-09-09 13:36:00,0.0
2024-09-09 13:37:00,0.0
2024-09-09 13:38:00,0.0
2024-09-09 13:39:00,0.0
2024-09-09 13:40:00,0.0
2024-09-09 13:41:00,0.0
2024-09-09 13:42:00,0.0
2024-09-09 13:43:00,0.0
2024-09-09 13:44:00,0.0
2024-09-09 13:45:00,0.0
2024-09-09 13:46:00,0.0
2024-09-09 13:47:00,0.0
2024-09-09 13:48:00,0.0
2024-09-09 13:49:00,0.0
2024-09-09 13:50:00,0.0
2024-09-09 13:51:00,0.0
2024-09-09 13:52:00,0.0
2024-09-09 13:53:00,0.0
2024-09-09 13:54:00,0.0
2024-09-09 13:55:00,0.0
2024-09-09 13:56:00,0.0
2024-09-09 13:57:00,0.0
2024-09-09 13:58:00,0.0
2024-09-09 13:59:00,0.0
2024-09-09 14:00:00,0.0
2024-09-09 14:01:00,0.0
2024-09-09 14:02:00,0.0
2024-09-09 14:03:00,0.0
2024-09-09 14:04:00,0.0
2024-09-09 14:05:00,0.0
2024-09-09 14:06:00,0.0
2024-09-09 14:07:00,0.0
2024-09-09 14:08:00,0.0
2024-09-09 14:09:00,0.0
2024-09-09 14:10:00,0.0
2024-09-09 14:11:00,0.0
2024-09-09 14:12:00,-7992.9
2024-09-09 14:13:00,0.0
2024-09-09 14:14:00,0.0
2024-09-09 14:15:00,0.0
2024-09-09 14:16:00,0.0
2024-09-09 14:17:00,0.0
2024-09-09 14:18:00,0.0
2024-09-09 14:19:00,
2024-09-09 14:20:00,0.0
2024-09-09 14:21:00,0.0
2024-09-09 14:22:00,0.0
2024-09-09 14:23:00,0.0
2024-09-09 14:24:00,0.0
2024-09-09 14:25:00,0.0
2024-09-09 14:26:00,10054.1
2024-09-09 14:27:00,11472.4
2024-09-09 14:28:00,11420.3
2024-09-09 14:29:00,11421.4
2024-09-09 14:30:00,11357.9
2024-09-09 14:31:00,11378.4
2024-09-09 14:32:00,9330.9
2024-09-09 14:33:00,9142.4
2024-09-09 14:34:00,11548.7
2024-09-09 14:35:00,7619.6
2024-09-09 14:36:00,8525.3
2024-09-09 14:37:00,11424.1
2024-09-09 14:38:00,11427.4
2024-09-09 14:39:00,11381.6
2024-09-09 14:40:00,8952.3
2024-09-09 14:41:00,11396.0
2024-09-09 14:42:00,11364.9
2024-09-09 14:43:00,11365.7
2024-09-09 14:44:00,0.0
2024-09-09 14:45:00,7570.1
2024-09-09 14:46:00,11448.4
2024-09-09 14:47:00,11527.8
2024-09-09 14:48:00,11416.9
2024-09-09 14:49:00,11410.5
2024-09-09 14:50:00,10046.0
2024-09-09 14:51:00,5643.4
2024-09-09 14:52:00,
2024-09-09 14:53:00,8816.5
2024-09-09 14:54:00,11334.4
2024-09-09 14:55:00,11410.0
2024-09-09 14:56:00,11344.1
2024-09-09 14:57:00,11494.1
2024-09-09 14:58:00,11448.6
2024-09-09 14:59:00,11434.9
2024-09-09 15:00:00,5712.7
2024-09-09 15:01:00,11413.5
2024-09-09 15:02:00,11441.6
2024-09-09 15:03:00,11401.6
2024-09-09 15:04:00,11390.3
2024-09-09 15:05:00,11412.5
2024-09-09 15:06:00,11503.2
2024-09-09 15:07:00,11446.9
2024-09-09 15:08:00,11418.9
2024-09-09 15:09:00,11372.1
2024-09-09 15:10:00,8969.2
2024-09-09 15:11:00,9812.6
2024-09-09 15:12:00,6253.8
2024-09-09 15:13:00,
2024-09-09 15:14:00,
2024-09-09 15:15:00,
2024-09-09 15:16:00,
2024-09-09 15:17:00,
2024-09-09 15:18:00,4041.3
2024-09-09 15:19:00,6133.5
2024-09-09 15:20:00,1930.7
2024-09-09 15:21:00,1567.6
2024-09-09 15:22:00,1204.4
2024-09-09 15:23:00,1202.9
2024-09-09 15:24:00,1223.1
2024-09-09 15:25:00,1220.6
2024-09-09 15:26:00,1222.7
2024-09-09 15:27:00,1220.0
2024-09-09 15:28:00,1220.6
2024-09-09 15:29:00,1220.2
2024-09-09 15:30:00,1017.8
2024-09-09 15:31:00,1019.3
2024-09-09 15:32:00,1224.4
2024-09-09 15:33:00,1227.5
2024-09-09 15:34:00,1227.0
2024-09-09 15:35:00,1227.0
2024-09-09 15:36:00,1211.4
2024-09-09 15:37:00,1400.1
2024-09-09 15:38:00,1564.3
2024-09-09 15:39:00,1494.2
2024-09-09 15:40:00,1472.7
2024-09-09 15:41:00,1450.6
2024-09-09 15:42:00,1476.4
2024-09-09 15:43:00,1453.7
2024-09-09 15:44:00,1455.5
2024-09-09 15:45:00,1457.4
2024-09-09 15:46:00,1503.1
2024-09-09 15:47:00,1309.9
2024-09-09 15:48:00,1100.7
2024-09-09 15:49:00,1498.6
2024-09-09 15:50:00,1472.1
2024-09-09 15:51:00,1443.7
2024-09-09 15:52:00,1491.5
2024-09-09 15:53:00,1487.1
2024-09-09 15:54:00,1463.8
2024-09-09 15:55:00,1443.0
2024-09-09 15:56:00,1468.9
2024-09-09 15:57:00,1465.2
2024-09-09 15:58:00,1448.7
2024-09-09 15:59:00,1450.0
2024-09-09 16:00:00,738.0
2024-09-09 16:01:00,1339.9
2024-09-09 16:02:00,1342.8
2024-09-09 16:03:00,1343.3
2024-09-09 16:04:00,1347.4
2024-09-09 16:05:00,1353.7
2024-09-09 16:06:00,1310.9
2024-09-09 16:07:00,
2024-09-09 16:08:00,1369.8
2024-09-09 16:09:00,1172.3
2024-09-09 16:10:00,1170.1
2024-09-09 16:11:00,1337.0
2024-09-09 16:12:00,1338.2
2024-09-09 16:13:00,1338.3
2024-09-09 16:14:00,1338.2
2024-09-09 16:15:00,1387.6
2024-09-09 16:16:00,1338.8
2024-09-09 16:17:00,1337.2
2024-09-09 16:18:00,1609.4
2024-09-09 16:19:00,1308.5
2024-09-09 16:20:00,126.4
2024-09-09 16:21:00,11613.6
2024-09-09 16:22:00,11650.8
2024-09-09 16:23:00,13134.6
2024-09-09 16:24:00,13011.3
2024-09-09 16:25:00,12986.2
2024-09-09 16:26:00,13004.1
2024-09-09 16:27:00,13020.7
2024-09-09 16:28:00,13015.9
2024-09-09 16:29:00,13072.0
2024-09-09 16:30:00,13101.1
2024-09-09 16:31:00,12935.8
2024-09-09 16:32:00,13076.7
2024-09-09 16:33:00,13050.7
2024-09-09 16:34:00,13034.3
2024-09-09 16:35:00,12985.8
2024-09-09 16:36:00,12984.9
2024-09-09 16:37:00,13013.1
2024-09-09 16:38:00,12986.6
2024-09-09 16:39:00,12969.6
2024-09-09 16:40:00,13001.5
2024-09-09 16:41:00,13019.4
2024-09-09 16:42:00,13019.4
2024-09-09 16:43:00,13028.7
2024-09-09 16:44:00,13024.8
2024-09-09 16:45:00,12990.3
2024-09-09 16:46:00,13066.0
2024-09-09 16:47:00,13054.9
2024-09-09 16:48:00,13150.9
2024-09-09 16:49:00,13042.1
2024-09-09 16:50:00,13293.4
2024-09-09 16:51:00,13190.7
2024-09-09 16:52:00,13004.1
2024-09-09 16:53:00,12958.8
2024-09-09 16:54:00,13029.6
2024-09-09 16:55:00,13022.4
2024-09-09 16:56:00,13003.8
2024-09-09 16:57:00,12935.3
2024-09-09 16:58:00,13083.9
2024-09-09 16:59:00,12937.1
2024-09-09 17:00:00,6554.3
2024-09-09 17:01:00,10636.9
2024-09-09 17:02:00,209.3
2024-09-09 17:03:00,161.7
2024-09-09 17:04:00,-120.5
2024-09-09 17:05:00,139.7
2024-09-09 17:06:00,164.1
2024-09-09 17:07:00,116.2
2024-09-09 17:08:00,116.9
2024-09-09 17:09:00,117.1
2024-09-09 17:10:00,164.2
2024-09-09 17:11:00,188.0
2024-09-09 17:12:00,140.8
2024-09-09 17:13:00,188.2
2024-09-09 17:14:00,164.0
2024-09-09 17:15:00,163.9
2024-09-09 17:16:00,140.5
2024-09-09 17:17:00,140.1
2024-09-09 17:18:00,116.7
2024-09-09 17:19:00,163.6
2024-09-09 17:20:00,116.8
2024-09-09 17:21:00,116.2
2024-09-09 17:22:00,163.2
2024-09-09 17:23:00,115.7
2024-09-09 17:24:00,139.7
2024-09-09 17:25:00,116.3
2024-09-09 17:26:00,116.5
2024-09-09 17:27:00,116.8
2024-09-09 17:28:00,69.1
2024-09-09 17:29:00,116.2
2024-09-09 17:30:00,92.9
2024-09-09 17:31:00,92.6
2024-09-09 17:32:00,163.2
2024-09-09 17:33:00,186.4
2024-09-09 17:34:00,186.2
2024-09-09 17:35:00,-47.9
2024-09-09 17:36:00,-71.5
2024-09-09 17:37:00,-71.2
2024-09-09 17:38:00,-48.0
2024-09-09 17:39:00,-71.6
2024-09-09 17:40:00,-118.2
2024-09-09 17:41:00,-117.6
2024-09-09 17:42:00,-94.0
2024-09-09 17:43:00,-118.2
2024-09-09 17:44:00,-141.6
2024-09-09 17:45:00,-141.2
2024-09-09 17:46:00,-141.3
2024-09-09 17:47:00,-118.0
2024-09-09 17:48:00,-117.6
2024-09-09 17:49:00,-117.5
2024-09-09 17:50:00,-117.5
2024-09-09 17:51:00,-117.3
2024-09-09 17:52:00,-117.4
2024-09-09 17:53:00,-117.4
2024-09-09 17:54:00,-118.1
2024-09-09 17:55:00,-118.2
2024-09-09 17:56:00,-118.2
2024-09-09 17:57:00,-118.3
2024-09-09 17:58:00,-118.1
2024-09-09 17:59:00,-141.9
2024-09-09 18:00:00,-71.0
2024-09-09 18:01:00,-141.7
2024-09-09 18:02:00,-117.9
2024-09-09 18:03:00,-141.9
2024-09-09 18:04:00,-188.5
2024-09-09 18:05:00,-141.5
2024-09-09 18:06:00,-94.7
2024-09-09 18:07:00,-141.8
2024-09-09 18:08:00,-141.9
2024-09-09 18:09:00,-118.5
2024-09-09 18:10:00,-141.9
2024-09-09 18:11:00,-141.7
2024-09-09 18:12:00,-360.6
2024-09-09 18:13:00,-243.3
2024-09-09 18:14:00,-125.6
2024-09-09 18:15:00,22.5
2024-09-09 18:16:00,22.4
2024-09-09 18:17:00,22.9
2024-09-09 18:18:00,22.5
2024-09-09 18:19:00,22.8
2024-09-09 18:20:00,22.8
2024-09-09 18:21:00,23.4
2024-09-09 18:22:00,-0.3
2024-09-09 18:23:00,-0.4
2024-09-09 18:24:00,-0.4
2024-09-09 18:25:00,22.9
2024-09-09 18:26:00,22.9
2024-09-09 18:27:00,-0.5
2024-09-09 18:28:00,22.7
2024-09-09 18:29:00,23.0
2024-09-09 18:30:00,22.8
2024-09-09 18:31:00,23.2
2024-09-09 18:32:00,23.2
2024-09-09 18:33:00,-0.2
2024-09-09 18:34:00,-0.4
2024-09-09 18:35:00,-0.1
2024-09-09 18:36:00,-0.2
2024-09-09 18:37:00,-0.5
2024-09-09 18:38:00,-0.5
2024-09-09 18:39:00,-0.4
2024-09-09 18:40:00,-23.9
2024-09-09 18:41:00,-0.5
2024-09-09 18:42:00,-0.5
2024-09-09 18:43:00,-0.4
2024-09-09 18:44:00,-0.4
2024-09-09 18:45:00,-24.3
2024-09-09 18:46:00,256.3
2024-09-09 18:47:00,606.8
2024-09-09 18:48:00,606.5
2024-09-09 18:49:00,582.7
2024-09-09 18:50:00,582.7
2024-09-09 18:51:00,582.9
2024-09-09 18:52:00,581.7
2024-09-09 18:53:00,581.5
2024-09-09 18:54:00,588.6
2024-09-09 18:55:00,-0.6
2024-09-09 18:56:00,-0.8
2024-09-09 18:57:00,-24.1
2024-09-09 18:58:00,-71.1
2024-09-09 18:59:00,447.0
2024-09-09 19:00:00,223.2
2024-09-09 19:01:00,424.4
2024-09-09 19:02:00,425.0
2024-09-09 19:03:00,-23.8
2024-09-09 19:04:00,-47.8
2024-09-09 19:05:00,-47.8
2024-09-09 19:06:00,-23.7
2024-09-09 19:07:00,-23.9
2024-09-09 19:08:00,-24.1
2024-09-09 19:09:00,-47.6
2024-09-09 19:10:00,-24.0
2024-09-09 19:11:00,-23.8
2024-09-09 19:12:00,-47.7
2024-09-09 19:13:00,-71.5
2024-09-09 19:14:00,-71.4
2024-09-09 19:15:00,-71.6
2024-09-09 19:16:00,-71.4
2024-09-09 19:17:00,-71.2
2024-09-09 19:18:00,449.5
2024-09-09 19:19:00,-71.4
2024-09-09 19:20:00,-47.4
2024-09-09 19:21:00,-47.7
2024-09-09 19:22:00,-71.2
2024-09-09 19:23:00,-24.1
2024-09-09 19:24:00,-23.8
2024-09-09 19:25:00,-71.9
2024-09-09 19:26:00,-165.8
2024-09-09 19:27:00,-24.0
2024-09-09 19:28:00,-24.1
2024-09-09 19:29:00,-24.1
2024-09-09 19:30:00,-24.0
2024-09-09 19:31:00,-71.4
2024-09-09 19:32:00,-47.7
2024-09-09 19:33:00,-48.1
2024-09-09 19:34:00,-24.5
2024-09-09 19:35:00,-47.9
2024-09-09 19:36:00,-71.3
2024-09-09 19:37:00,-71.0
2024-09-09 19:38:00,448.7
2024-09-09 19:39:00,-71.2
2024-09-09 19:40:00,-71.2
2024-09-09 19:41:00,447.9
2024-09-09 19:42:00,-71.7
2024-09-09 19:43:00,-24.6
2024-09-09 19:44:00,-71.4
2024-09-09 19:45:00,-71.8
2024-09-09 19:46:00,-47.8
2024-09-09 19:47:00,-47.5
2024-09-09 19:48:00,-71.2
2024-09-09 19:49:00,-71.0
2024-09-09 19:50:00,-47.6
2024-09-09 19:51:00,-71.0
2024-09-09 19:52:00,-47.3
2024-09-09 19:53:00,-47.5
2024-09-09 19:54:00,-47.6
2024-09-09 19:55:00,-94.6
2024-09-09 19:56:00,-71.0
2024-09-09 19:57:00,-166.1
2024-09-09 19:58:00,543.0
2024-09-09 19:59:00,542.7
2024-09-09 20:00:00,282.9
2024-09-09 20:01:00,565.8
2024-09-09 20:02:00,306.2
2024-09-09 20:03:00,329.3
2024-09-09 20:04:00,329.3
2024-09-09 20:05:00,565.6
2024-09-09 20:06:00,613.3
2024-09-09 20:07:00,590.3
2024-09-09 20:08:00,590.2
2024-09-09 20:09:00,592.3
2024-09-09 20:10:00,591.8
2024-09-09 20:11:00,331.4
2024-09-09 20:12:00,782.0
2024-09-09 20:13:00,545.1
2024-09-09 20:14:00,782.4
2024-09-09 20:15:00,592.2
2024-09-09 20:16:00,568.6
2024-09-09 20:17:00,-24.1
2024-09-09 20:18:00,-23.7
2024-09-09 20:19:00,449.5
2024-09-09 20:20:00,444.1
2024-09-09 20:21:00,420.8
2024-09-09 20:22:00,-23.6
2024-09-09 20:23:00,-23.7
2024-09-09 20:24:00,-23.6
2024-09-09 20:25:00,-23.7
2024-09-09 20:26:00,-46.8
2024-09-09 20:27:00,-23.5
2024-09-09 20:28:00,-70.3
2024-09-09 20:29:00,-70.3
2024-09-09 20:30:00,-70.3
2024-09-09 20:31:00,-70.5
2024-09-09 20:32:00,-70.4
2024-09-09 20:33:00,-70.6
2024-09-09 20:34:00,304.3
2024-09-09 20:35:00,351.5
2024-09-09 20:36:00,844.9
2024-09-09 20:37:00,609.9
2024-09-09 20:38:00,609.8
2024-09-09 20:39:00,539.1
2024-09-09 20:40:00,538.2
2024-09-09 20:41:00,538.1
2024-09-09 20:42:00,328.8
2024-09-09 20:43:00,610.4
2024-09-09 20:44:00,611.1
2024-09-09 20:45:00,610.8
2024-09-09 20:46:00,610.9
2024-09-09 20:47:00,327.6
2024-09-09 20:48:00,607.8
2024-09-09 20:49:00,608.0
2024-09-09 20:50:00,796.2
2024-09-09 20:51:00,610.8
2024-09-09 20:52:00,587.6
2024-09-09 20:53:00,611.6
2024-09-09 20:54:00,565.1
2024-09-09 20:55:00,565.2
2024-09-09 20:56:00,565.4
2024-09-09 20:57:00,565.5
2024-09-09 20:58:00,613.2
2024-09-09 20:59:00,564.8
2024-09-09 21:00:00,258.9
2024-09-09 21:01:00,540.6
2024-09-09 21:02:00,540.6
2024-09-09 21:03:00,611.6
2024-09-09 21:04:00,564.8
2024-09-09 21:05:00,564.4
2024-09-09 21:06:00,587.8
2024-09-09 21:07:00,612.5
2024-09-09 21:08:00,589.4
2024-09-09 21:09:00,590.2
2024-09-09 21:10:00,568.0
2024-09-09 21:11:00,592.7
2024-09-09 21:12:00,616.0
2024-09-09 21:13:00,592.0
2024-09-09 21:14:00,591.2
2024-09-09 21:15:00,591.4
2024-09-09 21:16:00,615.6
2024-09-09 21:17:00,590.6
2024-09-09 21:18:00,590.9
2024-09-09 21:19:00,826.9
2024-09-09 21:20:00,590.2
2024-09-09 21:21:00,590.3
2024-09-09 21:22:00,567.1
2024-09-09 21:23:00,568.0
2024-09-09 21:24:00,569.6
2024-09-09 21:25:00,545.9
2024-09-09 21:26:00,352.2
2024-09-09 21:27:00,586.9
2024-09-09 21:28:00,587.3
2024-09-09 21:29:00,351.9
2024-09-09 21:30:00,588.0
2024-09-09 21:31:00,612.2
2024-09-09 21:32:00,611.2
2024-09-09 21:33:00,611.4
2024-09-09 21:34:00,587.7
2024-09-09 21:35:00,610.9
2024-09-09 21:36:00,539.8
2024-09-09 21:37:00,610.2
2024-09-09 21:38:00,562.9
2024-09-09 21:39:00,586.1
2024-09-09 21:40:00,538.0
2024-09-09 21:41:00,561.7
2024-09-09 21:42:00,562.3
2024-09-09 21:43:00,797.8
2024-09-09 21:44:00,586.7
2024-09-09 21:45:00,564.4
2024-09-09 21:46:00,564.7
2024-09-09 21:47:00,776.3
2024-09-09 21:48:00,565.4
2024-09-09 21:49:00,565.6
2024-09-09 21:50:00,566.0
2024-09-09 21:51:00,566.8
2024-09-09 21:52:00,567.1
2024-09-09 21:53:00,804.2
2024-09-09 21:54:00,614.3
2024-09-09 21:55:00,614.7
2024-09-09 21:56:00,780.8
2024-09-09 21:57:00,757.7
2024-09-09 21:58:00,568.0
2024-09-09 21:59:00,567.8
2024-09-09 22:00:00,283.6
2024-09-09 22:01:00,567.2
2024-09-09 22:02:00,568.1
2024-09-09 22:03:00,567.1
2024-09-09 22:04:00,519.2
2024-09-09 22:05:00,517.7
2024-09-09 22:06:00,542.2
2024-09-09 22:07:00,306.4
2024-09-09 22:08:00,591.0
2024-09-09 22:09:00,306.4
2024-09-09 22:10:00,305.3
2024-09-09 22:11:00,706.1
2024-09-09 22:12:00,517.8
2024-09-09 22:13:00,732.2
2024-09-09 22:14:00,519.4
2024-09-09 22:15:00,731.4
2024-09-09 22:16:00,542.0
2024-09-09 22:17:00,542.1
2024-09-09 22:18:00,520.2
2024-09-09 22:19:00,710.7
2024-09-09 22:20:00,520.9
2024-09-09 22:21:00,685.5
2024-09-09 22:22:00,685.3
2024-09-09 22:23:00,543.8
2024-09-09 22:24:00,543.5
2024-09-09 22:25:00,519.7
2024-09-09 22:26:00,496.3
2024-09-09 22:27:00,449.3
2024-09-09 22:28:00,757.9
2024-09-09 22:29:00,521.3
2024-09-09 22:30:00,544.8
2024-09-09 22:31:00,520.1
2024-09-09 22:32:00,520.5
2024-09-09 22:33:00,709.9
2024-09-09 22:34:00,521.0
2024-09-09 22:35:00,520.4
2024-09-09 22:36:00,710.2
2024-09-09 22:37:00,544.7
2024-09-09 22:38:00,545.0
2024-09-09 22:39:00,544.3
2024-09-09 22:40:00,687.4
2024-09-09 22:41:00,663.8
2024-09-09 22:42:00,497.8
2024-09-09 22:43:00,498.3
2024-09-09 22:44:00,498.4
2024-09-09 22:45:00,515.2
2024-09-09 22:46:00,538.6
2024-09-09 22:47:00,231.2
2024-09-09 22:48:00,704.8
2024-09-09 22:49:00,493.4
2024-09-09 22:50:00,282.4
2024-09-09 22:51:00,494.0
2024-09-09 22:52:00,517.3
2024-09-09 22:53:00,517.8
2024-09-09 22:54:00,564.9
2024-09-09 22:55:00,541.2
2024-09-09 22:56:00,517.9
2024-09-09 22:57:00,518.2
2024-09-09 22:58:00,518.5
2024-09-09 22:59:00,495.8
2024-09-09 23:00:00,247.4
2024-09-09 23:01:00,494.7
2024-09-09 23:02:00,494.6
2024-09-09 23:03:00,494.6
2024-09-09 23:04:00,494.5
2024-09-09 23:05:00,469.8
2024-09-09 23:06:00,493.4
2024-09-09 23:07:00,493.1
2024-09-09 23:08:00,679.8
2024-09-09 23:09:00,704.8
2024-09-09 23:10:00,707.3
2024-09-09 23:11:00,518.4
2024-09-09 23:12:00,519.0
2024-09-09 23:13:00,496.1
2024-09-09 23:14:00,496.5
2024-09-09 23:15:00,520.5
2024-09-09 23:16:00,496.8
2024-09-09 23:17:00,520.5
2024-09-09 23:18:00,497.0
2024-09-09 23:19:00,521.1
2024-09-09 23:20:00,521.3
2024-09-09 23:21:00,497.4
2024-09-09 23:22:00,497.3
2024-09-09 23:23:00,521.6
2024-09-09 23:24:00,450.2
2024-09-09 23:25:00,497.8
2024-09-09 23:26:00,664.0
2024-09-09 23:27:00,498.1
2024-09-09 23:28:00,522.0
2024-09-09 23:29:00,497.9
2024-09-09 23:30:00,522.0
2024-09-09 23:31:00,520.6
2024-09-09 23:32:00,521.7
2024-09-09 23:33:00,545.4
2024-09-09 23:34:00,759.5
2024-09-09 23:35:00,514.9
2024-09-09 23:36:00,538.5
2024-09-09 23:37:00,515.1
2024-09-09 23:38:00,538.9
2024-09-09 23:39:00,516.3
2024-09-09 23:40:00,516.6
2024-09-09 23:41:00,493.3
2024-09-09 23:42:00,493.5
2024-09-09 23:43:00,494.1
2024-09-09 23:44:00,493.9
2024-09-09 23:45:00,492.0
2024-09-09 23:46:00,491.9
2024-09-09 23:47:00,655.8
2024-09-09 23:48:00,469.3
2024-09-09 23:49:00,469.0
2024-09-09 23:50:00,656.9
2024-09-09 23:51:00,493.1
2024-09-09 23:52:00,658.2
2024-09-09 23:53:00,446.7
2024-09-09 23:54:00,684.7
2024-09-09 23:55:00,496.8
2024-09-09 23:56:00,496.7
2024-09-09 23:57:00,236.4
2024-09-09 23:58:00,615.1
2024-09-09 23:59:00,496.8
2024-09-10 00:00:00,248.4
2024-09-10 00:01:00,496.3
2024-09-10 00:02:00,471.8
2024-09-10 00:03:00,494.8
2024-09-10 00:04:00,494.5
2024-09-10 00:05:00,494.2
2024-09-10 00:06:00,494.2
2024-09-10 00:07:00,470.3
2024-09-10 00:08:00,494.0
2024-09-10 00:09:00,494.2
2024-09-10 00:10:00,493.7
2024-09-10 00:11:00,493.5
2024-09-10 00:12:00,469.8
2024-09-10 00:13:00,493.2
2024-09-10 00:14:00,661.3
2024-09-10 00:15:00,495.3
2024-09-10 00:16:00,448.1
2024-09-10 00:17:00,447.5
2024-09-10 00:18:00,471.8
2024-09-10 00:19:00,448.3
2024-09-10 00:20:00,495.3
2024-09-10 00:21:00,495.5
2024-09-10 00:22:00,660.7
2024-09-10 00:23:00,495.7
2024-09-10 00:24:00,637.3
2024-09-10 00:25:00,472.2
2024-09-10 00:26:00,637.6
2024-09-10 00:27:00,305.8
2024-09-10 00:28:00,2273.7
2024-09-10 00:29:00,-124.8
2024-09-10 00:30:00,-77.6
2024-09-10 00:31:00,-77.3
2024-09-10 00:32:00,281.8
2024-09-10 00:33:00,634.0
2024-09-10 00:34:00,493.1
2024-09-10 00:35:00,657.0
2024-09-10 00:36:00,493.5
2024-09-10 00:37:00,494.0
2024-09-10 00:38:00,682.2
2024-09-10 00:39:00,446.1
2024-09-10 00:40:00,469.8
2024-09-10 00:41:00,493.0
2024-09-10 00:42:00,493.9
2024-09-10 00:43:00,494.8
2024-09-10 00:44:00,659.7
2024-09-10 00:45:00,494.4
2024-09-10 00:46:00,494.5
2024-09-10 00:47:00,518.0
2024-09-10 00:48:00,706.6
2024-09-10 00:49:00,494.5
2024-09-10 00:50:00,494.7
2024-09-10 00:51:00,684.8
2024-09-10 00:52:00,495.8
2024-09-10 00:53:00,708.6
2024-09-10 00:54:00,661.4
2024-09-10 00:55:00,661.8
2024-09-10 00:56:00,661.2
2024-09-10 00:57:00,518.7
2024-09-10 00:58:00,541.3
2024-09-10 00:59:00,516.9
2024-09-10 01:00:00,269.9
2024-09-10 01:01:00,515.5
2024-09-10 01:02:00,514.9
2024-09-10 01:03:00,515.0
2024-09-10 01:04:00,514.6
2024-09-10 01:05:00,514.4
2024-09-10 01:06:00,514.8
2024-09-10 01:07:00,514.7
2024-09-10 01:08:00,725.8
2024-09-10 01:09:00,514.9
2024-09-10 01:10:00,515.4
2024-09-10 01:11:00,515.1
2024-09-10 01:12:00,514.8
2024-09-10 01:13:00,515.1
2024-09-10 01:14:00,702.2
2024-09-10 01:15:00,514.8
2024-09-10 01:16:00,514.4
2024-09-10 01:17:00,515.0
2024-09-10 01:18:00,514.8
2024-09-10 01:19:00,514.9
2024-09-10 01:20:00,726.1
2024-09-10 01:21:00,515.6
2024-09-10 01:22:00,515.9
2024-09-10 01:23:00,516.1
2024-09-10 01:24:00,515.8
2024-09-10 01:25:00,444.3
2024-09-10 01:26:00,491.1
2024-09-10 01:27:00,491.1
2024-09-10 01:28:00,491.1
2024-09-10 01:29:00,515.0
2024-09-10 01:30:00,537.7
2024-09-10 01:31:00,537.8
2024-09-10 01:32:00,538.4
2024-09-10 01:33:00,538.5
2024-09-10 01:34:00,561.9
2024-09-10 01:35:00,772.7
2024-09-10 01:36:00,562.4
2024-09-10 01:37:00,562.4
2024-09-10 01:38:00,562.8
2024-09-10 01:39:00,562.4
2024-09-10 01:40:00,561.9
2024-09-10 01:41:00,538.5
2024-09-10 01:42:00,749.2
2024-09-10 01:43:00,562.3
2024-09-10 01:44:00,562.2
2024-09-10 01:45:00,562.2
2024-09-10 01:46:00,562.3
2024-09-10 01:47:00,773.2
2024-09-10 01:48:00,538.1
2024-09-10 01:49:00,515.0
2024-09-10 01:50:00,538.7
2024-09-10 01:51:00,538.7
2024-09-10 01:52:00,563.0
2024-09-10 01:53:00,563.2
2024-09-10 01:54:00,562.3
2024-09-10 01:55:00,563.1
2024-09-10 01:56:00,563.0
2024-09-10 01:57:00,562.4
2024-09-10 01:58:00,563.2
2024-09-10 01:59:00,562.9
2024-09-10 02:00:00,281.7
2024-09-10 02:01:00,562.9
2024-09-10 02:02:00,563.0
2024-09-10 02:03:00,562.8
2024-09-10 02:04:00,586.6
2024-09-10 02:05:00,563.4
2024-09-10 02:06:00,563.6
2024-09-10 02:07:00,563.2
2024-09-10 02:08:00,609.9
2024-09-10 02:09:00,609.4
2024-09-10 02:10:00,609.9
2024-09-10 02:11:00,539.0
2024-09-10 02:12:00,562.6
2024-09-10 02:13:00,539.6
2024-09-10 02:14:00,281.7
2024-09-10 02:15:00,610.4
2024-09-10 02:16:00,352.2
2024-09-10 02:17:00,587.1
2024-09-10 02:18:00,610.8
2024-09-10 02:19:00,611.2
2024-09-10 02:20:00,611.2
2024-09-10 02:21:00,587.0
2024-09-10 02:22:00,351.9
2024-09-10 02:23:00,586.8
2024-09-10 02:24:00,610.6
2024-09-10 02:25:00,611.0
2024-09-10 02:26:00,611.3
2024-09-10 02:27:00,611.3
2024-09-10 02:28:00,610.8
2024-09-10 02:29:00,351.9
2024-09-10 02:30:00,610.4
2024-09-10 02:31:00,351.9
2024-09-10 02:32:00,846.0
2024-09-10 02:33:00,609.4
2024-09-10 02:34:00,609.2
2024-09-10 02:35:00,585.5
2024-09-10 02:36:00,562.3
2024-09-10 02:37:00,538.7
2024-09-10 02:38:00,538.6
2024-09-10 02:39:00,538.3
2024-09-10 02:40:00,562.4
2024-09-10 02:41:00,562.4
2024-09-10 02:42:00,562.4
2024-09-10 02:43:00,562.3
2024-09-10 02:44:00,562.3
2024-09-10 02:45:00,562.4
2024-09-10 02:46:00,562.3
2024-09-10 02:47:00,562.0
2024-09-10 02:48:00,562.8
2024-09-10 02:49:00,562.8
2024-09-10 02:50:00,562.3
2024-09-10 02:51:00,561.8
2024-09-10 02:52:00,609.8
2024-09-10 02:53:00,563.1
2024-09-10 02:54:00,773.7
2024-09-10 02:55:00,562.6
2024-09-10 02:56:00,563.5
2024-09-10 02:57:00,539.5
2024-09-10 02:58:00,728.0
2024-09-10 02:59:00,492.9
2024-09-10 03:00:00,258.2
2024-09-10 03:01:00,281.2
2024-09-10 03:02:00,540.1
2024-09-10 03:03:00,540.0
2024-09-10 03:04:00,539.7
2024-09-10 03:05:00,727.9
2024-09-10 03:06:00,516.5
2024-09-10 03:07:00,492.6
2024-09-10 03:08:00,516.0
2024-09-10 03:09:00,515.8
2024-09-10 03:10:00,514.3
2024-09-10 03:11:00,538.0
2024-09-10 03:12:00,725.2
2024-09-10 03:13:00,514.2
2024-09-10 03:14:00,514.3
2024-09-10 03:15:00,537.4
2024-09-10 03:16:00,537.4
2024-09-10 03:17:00,537.7
2024-09-10 03:18:00,537.2
2024-09-10 03:19:00,561.0
2024-09-10 03:20:00,537.9
2024-09-10 03:21:00,537.2
2024-09-10 03:22:00,537.8
2024-09-10 03:23:00,514.0
2024-09-10 03:24:00,537.1
2024-09-10 03:25:00,536.9
2024-09-10 03:26:00,561.0
2024-09-10 03:27:00,560.6
2024-09-10 03:28:00,560.9
2024-09-10 03:29:00,561.2
2024-09-10 03:30:00,561.4
2024-09-10 03:31:00,561.6
2024-09-10 03:32:00,561.1
2024-09-10 03:33:00,560.9
2024-09-10 03:34:00,560.7
2024-09-10 03:35:00,560.8
2024-09-10 03:36:00,537.8
2024-09-10 03:37:00,537.0
2024-09-10 03:38:00,514.1
2024-09-10 03:39:00,537.1
2024-09-10 03:40:00,560.8
2024-09-10 03:41:00,560.5
2024-09-10 03:42:00,723.3
2024-09-10 03:43:00,537.0
2024-09-10 03:44:00,490.0
2024-09-10 03:45:00,537.6
2024-09-10 03:46:00,537.7
2024-09-10 03:47:00,514.2
2024-09-10 03:48:00,280.6
2024-09-10 03:49:00,537.6
2024-09-10 03:50:00,537.2
2024-09-10 03:51:00,724.0
2024-09-10 03:52:00,537.0
2024-09-10 03:53:00,724.1
2024-09-10 03:54:00,514.4
2024-09-10 03:55:00,701.8
2024-09-10 03:56:00,702.7
2024-09-10 03:57:00,727.0
2024-09-10 03:58:00,539.1
2024-09-10 03:59:00,515.6
2024-09-10 04:00:00,257.9
2024-09-10 04:01:00,515.4
2024-09-10 04:02:00,515.6
2024-09-10 04:03:00,538.8
2024-09-10 04:04:00,491.6
2024-09-10 04:05:00,514.8
2024-09-10 04:06:00,514.8
2024-09-10 04:07:00,537.8
2024-09-10 04:08:00,560.0
2024-09-10 04:09:00,560.1
2024-09-10 04:10:00,513.3
2024-09-10 04:11:00,537.0
2024-09-10 04:12:00,257.0
2024-09-10 04:13:00,561.0
2024-09-10 04:14:00,561.2
2024-09-10 04:15:00,561.0
2024-09-10 04:16:00,561.2
2024-09-10 04:17:00,537.1
2024-09-10 04:18:00,559.5
2024-09-10 04:19:00,512.9
2024-09-10 04:20:00,536.0
2024-09-10 04:21:00,535.8
2024-09-10 04:22:00,707.4
2024-09-10 04:23:00,707.9
2024-09-10 04:24:00,709.2
2024-09-10 04:25:00,710.1
2024-09-10 04:26:00,687.0
2024-09-10 04:27:00,711.7
2024-09-10 04:28:00,711.6
2024-09-10 04:29:00,516.1
2024-09-10 04:30:00,515.8
2024-09-10 04:31:00,539.5
2024-09-10 04:32:00,493.2
2024-09-10 04:33:00,516.1
2024-09-10 04:34:00,516.8
2024-09-10 04:35:00,540.3
2024-09-10 04:36:00,540.7
2024-09-10 04:37:00,540.0
2024-09-10 04:38:00,540.1
2024-09-10 04:39:00,539.9
2024-09-10 04:40:00,540.0
2024-09-10 04:41:00,540.1
2024-09-10 04:42:00,540.1
2024-09-10 04:43:00,563.2
2024-09-10 04:44:00,540.2
2024-09-10 04:45:00,539.9
2024-09-10 04:46:00,727.4
2024-09-10 04:47:00,540.2
2024-09-10 04:48:00,564.0
2024-09-10 04:49:00,541.0
2024-09-10 04:50:00,541.4
2024-09-10 04:51:00,730.0
2024-09-10 04:52:00,564.7
2024-09-10 04:53:00,564.2
2024-09-10 04:54:00,775.0
2024-09-10 04:55:00,563.4
2024-09-10 04:56:00,562.0
2024-09-10 04:57:00,562.3
2024-09-10 04:58:00,562.6
2024-09-10 04:59:00,539.1
2024-09-10 05:00:00,281.5
2024-09-10 05:01:00,775.2
2024-09-10 05:02:00,564.6
2024-09-10 05:03:00,729.0
2024-09-10 05:04:00,564.3
2024-09-10 05:05:00,540.1
2024-09-10 05:06:00,540.1
2024-09-10 05:07:00,540.0
2024-09-10 05:08:00,539.8
2024-09-10 05:09:00,727.6
2024-09-10 05:10:00,539.5
2024-09-10 05:11:00,515.3
2024-09-10 05:12:00,537.9
2024-09-10 05:13:00,514.3
2024-09-10 05:14:00,514.2
2024-09-10 05:15:00,537.2
2024-09-10 05:16:00,514.3
2024-09-10 05:17:00,537.1
2024-09-10 05:18:00,700.4
2024-09-10 05:19:00,537.3
2024-09-10 05:20:00,537.2
2024-09-10 05:21:00,514.0
2024-09-10 05:22:00,514.7
2024-09-10 05:23:00,491.3
2024-09-10 05:24:00,538.5
2024-09-10 05:25:00,562.3
2024-09-10 05:26:00,538.8
2024-09-10 05:27:00,538.6
2024-09-10 05:28:00,561.9
2024-09-10 05:29:00,560.8
2024-09-10 05:30:00,561.2
2024-09-10 05:31:00,560.2
2024-09-10 05:32:00,560.0
2024-09-10 05:33:00,560.7
2024-09-10 05:34:00,560.0
2024-09-10 05:35:00,559.7
2024-09-10 05:36:00,559.7
2024-09-10 05:37:00,302.9
2024-09-10 05:38:00,559.2
2024-09-10 05:39:00,559.0
2024-09-10 05:40:00,559.2
2024-09-10 05:41:00,566.8
2024-09-10 05:42:00,566.5
2024-09-10 05:43:00,495.3
2024-09-10 05:44:00,495.0
2024-09-10 05:45:00,495.0
2024-09-10 05:46:00,495.1
2024-09-10 05:47:00,494.9
2024-09-10 05:48:00,282.6
2024-09-10 05:49:00,518.2
2024-09-10 05:50:00,518.3
2024-09-10 05:51:00,564.6
2024-09-10 05:52:00,564.1
2024-09-10 05:53:00,705.7
2024-09-10 05:54:00,517.2
2024-09-10 05:55:00,517.4
2024-09-10 05:56:00,682.0
2024-09-10 05:57:00,706.3
2024-09-10 05:58:00,517.6
2024-09-10 05:59:00,517.4
2024-09-10 06:00:00,258.5
2024-09-10 06:01:00,516.8
2024-09-10 06:02:00,539.0
2024-09-10 06:03:00,562.0
2024-09-10 06:04:00,702.1
2024-09-10 06:05:00,513.6
2024-09-10 06:06:00,513.2
2024-09-10 06:07:00,512.4
2024-09-10 06:08:00,511.1
2024-09-10 06:09:00,470.7
2024-09-10 06:10:00,494.0
2024-09-10 06:11:00,469.7
2024-09-10 06:12:00,494.0
2024-09-10 06:13:00,258.7
2024-09-10 06:14:00,517.4
2024-09-10 06:15:00,564.7
2024-09-10 06:16:00,540.1
2024-09-10 06:17:00,515.9
2024-09-10 06:18:00,515.4
2024-09-10 06:19:00,515.3
2024-09-10 06:20:00,515.0
2024-09-10 06:21:00,514.8
2024-09-10 06:22:00,704.1
2024-09-10 06:23:00,515.4
2024-09-10 06:24:00,681.6
2024-09-10 06:25:00,729.9
2024-09-10 06:26:00,706.7
2024-09-10 06:27:00,518.3
2024-09-10 06:28:00,517.8
2024-09-10 06:29:00,517.7
2024-09-10 06:30:00,518.2
2024-09-10 06:31:00,516.9
2024-09-10 06:32:00,516.4
2024-09-10 06:33:00,703.5
2024-09-10 06:34:00,492.0
2024-09-10 06:35:00,491.1
2024-09-10 06:36:00,491.3
2024-09-10 06:37:00,490.7
2024-09-10 06:38:00,280.6
2024-09-10 06:39:00,514.0
2024-09-10 06:40:00,514.1
2024-09-10 06:41:00,701.7
2024-09-10 06:42:00,-124.7
2024-09-10 06:43:00,-77.6
2024-09-10 06:44:00,-101.7
2024-09-10 06:45:00,304.4
2024-09-10 06:46:00,514.1
2024-09-10 06:47:00,702.4
2024-09-10 06:48:00,701.7
2024-09-10 06:49:00,701.9
2024-09-10 06:50:00,725.8
2024-09-10 06:51:00,562.3
2024-09-10 06:52:00,561.3
2024-09-10 06:53:00,513.4
2024-09-10 06:54:00,512.7
2024-09-10 06:55:00,700.0
2024-09-10 06:56:00,560.5
2024-09-10 06:57:00,537.1
2024-09-10 06:58:00,257.0
2024-09-10 06:59:00,515.0
2024-09-10 07:00:00,364.7
2024-09-10 07:01:00,564.2
2024-09-10 07:02:00,282.3
2024-09-10 07:03:00,657.9
2024-09-10 07:04:00,657.0
2024-09-10 07:05:00,491.3
2024-09-10 07:06:00,654.2
2024-09-10 07:07:00,302.7
2024-09-10 07:08:00,255.1
2024-09-10 07:09:00,656.8
2024-09-10 07:10:00,681.5
2024-09-10 07:11:00,659.6
2024-09-10 07:12:00,660.0
2024-09-10 07:13:00,659.2
2024-09-10 07:14:00,517.9
2024-09-10 07:15:00,517.4
2024-09-10 07:16:00,516.7
2024-09-10 07:17:00,704.4
2024-09-10 07:18:00,516.0
2024-09-10 07:19:00,304.3
2024-09-10 07:20:00,514.1
2024-09-10 07:21:00,303.3
2024-09-10 07:22:00,512.4
2024-09-10 07:23:00,464.8
2024-09-10 07:24:00,511.6
2024-09-10 07:25:00,512.6
2024-09-10 07:26:00,514.2
2024-09-10 07:27:00,281.3
2024-09-10 07:28:00,515.1
2024-09-10 07:29:00,702.3
2024-09-10 07:30:00,702.6
2024-09-10 07:31:00,701.1
2024-09-10 07:32:00,537.7
2024-09-10 07:33:00,561.7
2024-09-10 07:34:00,701.2
2024-09-10 07:35:00,726.2
2024-09-10 07:36:00,562.7
2024-09-10 07:37:00,773.3
2024-09-10 07:38:00,561.9
2024-09-10 07:39:00,562.0
2024-09-10 07:40:00,538.2
2024-09-10 07:41:00,560.5
2024-09-10 07:42:00,560.3
2024-09-10 07:43:00,748.6
2024-09-10 07:44:00,561.6
2024-09-10 07:45:00,561.6
2024-09-10 07:46:00,560.9
2024-09-10 07:47:00,752.2
2024-09-10 07:48:00,753.0
2024-09-10 07:49:00,777.5
2024-09-10 07:50:00,777.2
2024-09-10 07:51:00,-314.8
2024-09-10 07:52:00,-1107.5
2024-09-10 07:53:00,-188.2
2024-09-10 07:54:00,-188.3
2024-09-10 07:55:00,-141.6
2024-09-10 07:56:00,-188.6
2024-09-10 07:57:00,-141.4
2024-09-10 07:58:00,-188.0
2024-09-10 07:59:00,-140.9
2024-09-10 08:00:00,-81.9
2024-09-10 08:01:00,-163.2
2024-09-10 08:02:00,-186.5
2024-09-10 08:03:00,-162.8
2024-09-10 08:04:00,-139.5
2024-09-10 08:05:00,-139.4
2024-09-10 08:06:00,-140.0
2024-09-10 08:07:00,-140.2
2024-09-10 08:08:00,-164.0
2024-09-10 08:09:00,-163.8
2024-09-10 08:10:00,-140.8
2024-09-10 08:11:00,-164.1
2024-09-10 08:12:00,-164.1
2024-09-10 08:13:00,-210.8
2024-09-10 08:14:00,258.4
2024-09-10 08:15:00,258.0
2024-09-10 08:16:00,-187.0
2024-09-10 08:17:00,257.6
2024-09-10 08:18:00,-164.3
2024-09-10 08:19:00,-164.7
2024-09-10 08:20:00,-165.2
2024-09-10 08:21:00,-282.8
2024-09-10 08:22:00,-165.1
2024-09-10 08:23:00,-165.4
2024-09-10 08:24:00,3094.4
2024-09-10 08:25:00,10555.9
2024-09-10 08:26:00,10506.0
2024-09-10 08:27:00,10644.5
2024-09-10 08:28:00,10663.6
2024-09-10 08:29:00,10420.5
2024-09-10 08:30:00,8292.1
2024-09-10 08:31:00,11653.2
2024-09-10 08:32:00,10327.6
2024-09-10 08:33:00,11016.3
2024-09-10 08:34:00,10361.1
2024-09-10 08:35:00,10334.8
2024-09-10 08:36:00,10376.9
2024-09-10 08:37:00,10363.0
2024-09-10 08:38:00,10432.2
2024-09-10 08:39:00,10455.5
2024-09-10 08:40:00,10490.8
2024-09-10 08:41:00,10481.0
2024-09-10 08:42:00,10355.5
2024-09-10 08:43:00,10389.1
2024-09-10 08:44:00,10437.2
2024-09-10 08:45:00,10389.1
2024-09-10 08:46:00,10383.2
2024-09-10 08:47:00,10439.8
2024-09-10 08:48:00,10434.3
2024-09-10 08:49:00,10469.1
2024-09-10 08:50:00,10376.6
2024-09-10 08:51:00,10479.0
2024-09-10 08:52:00,10412.7
2024-09-10 08:53:00,10464.5
2024-09-10 08:54:00,10514.4
2024-09-10 08:55:00,10451.0
2024-09-10 08:56:00,10404.5
2024-09-10 08:57:00,10424.1
2024-09-10 08:58:00,10499.6
2024-09-10 08:59:00,10413.3
2024-09-10 09:00:00,10419.6
2024-09-10 09:01:00,10495.1
2024-09-10 09:02:00,10527.3
2024-09-10 09:03:00,10632.9
2024-09-10 09:04:00,10368.5
2024-09-10 09:05:00,10367.9
2024-09-10 09:06:00,10395.7
2024-09-10 09:07:00,10345.9
2024-09-10 09:08:00,10316.8
2024-09-10 09:09:00,10174.6
2024-09-10 09:10:00,11926.8
2024-09-10 09:11:00,11935.5
2024-09-10 09:12:00,11950.2
2024-09-10 09:13:00,11929.8
2024-09-10 09:14:00,10288.3
2024-09-10 09:15:00,10304.5
2024-09-10 09:16:00,10305.6
2024-09-10 09:17:00,10358.2
2024-09-10 09:18:00,10266.6
2024-09-10 09:19:00,10314.8
2024-09-10 09:20:00,10352.9
2024-09-10 09:21:00,10401.2
2024-09-10 09:22:00,10468.8
2024-09-10 09:23:00,-12894.6
2024-09-10 09:24:00,-12896.6
2024-09-10 09:25:00,-12889.3
2024-09-10 09:26:00,-12357.4
2024-09-10 09:27:00,-12854.3
2024-09-10 09:28:00,-12867.2
2024-09-10 09:29:00,-12819.4
2024-09-10 09:30:00,-6403.8
2024-09-10 09:31:00,-12925.2
2024-09-10 09:32:00,-12916.1
2024-09-10 09:33:00,-2072.0
2024-09-10 09:34:00,444.9
2024-09-10 09:35:00,3743.5
2024-09-10 09:36:00,6125.3
2024-09-10 09:37:00,-3158.6
2024-09-10 09:38:00,-4517.5
2024-09-10 09:39:00,-5954.7
2024-09-10 09:40:00,-7233.8
2024-09-10 09:41:00,-8440.9
2024-09-10 09:42:00,-9695.9
2024-09-10 09:43:00,-10846.3
2024-09-10 09:44:00,-1960.4
2024-09-10 09:45:00,2204.6
2024-09-10 09:46:00,11476.1
2024-09-10 09:47:00,5381.1
2024-09-10 09:48:00,-2017.4
2024-09-10 09:49:00,3473.1
2024-09-10 09:50:00,-3730.7
2024-09-10 09:51:00,-5390.1
2024-09-10 09:52:00,-6598.8
2024-09-10 09:53:00,-7939.2
2024-09-10 09:54:00,-9532.1
2024-09-10 09:55:00,-8842.7
2024-09-10 09:56:00,-12047.1
2024-09-10 09:57:00,-12988.3
2024-09-10 09:58:00,-12383.9
2024-09-10 09:59:00,-10544.0
2024-09-10 10:00:00,-8673.6
2024-09-10 10:01:00,-11174.7
2024-09-10 10:02:00,-10210.5
2024-09-10 10:03:00,-9874.2
2024-09-10 10:04:00,-9297.8
2024-09-10 10:05:00,-10972.8
2024-09-10 10:06:00,-11282.1
2024-09-10 10:07:00,-12986.7
2024-09-10 10:08:00,-12957.8
2024-09-10 10:09:00,-12984.9
2024-09-10 10:10:00,-12398.1
2024-09-10 10:11:00,-12981.7
2024-09-10 10:12:00,-10316.4
2024-09-10 10:13:00,-10164.5
2024-09-10 10:14:00,-9569.4
2024-09-10 10:15:00,-9723.7
2024-09-10 10:16:00,-10157.7
2024-09-10 10:17:00,-10229.4
2024-09-10 10:18:00,-10480.0
2024-09-10 10:19:00,-10826.2
2024-09-10 10:20:00,-10863.1
2024-09-10 10:21:00,-10831.6
2024-09-10 10:22:00,-10432.7
2024-09-10 10:23:00,-12355.2
2024-09-10 10:24:00,-12728.0
2024-09-10 10:25:00,-13101.1
2024-09-10 10:26:00,-13048.7
2024-09-10 10:27:00,-6999.8
2024-09-10 10:28:00,910.4
2024-09-10 10:29:00,3545.2
2024-09-10 10:30:00,1622.9
2024-09-10 10:31:00,3126.4
2024-09-10 10:32:00,3130.7
2024-09-10 10:33:00,3131.6
2024-09-10 10:34:00,2734.7
2024-09-10 10:35:00,2638.2
2024-09-10 10:36:00,2493.8
2024-09-10 10:37:00,2374.6
2024-09-10 10:38:00,2273.3
2024-09-10 10:39:00,2276.6
2024-09-10 10:40:00,2251.3
2024-09-10 10:41:00,2229.4
2024-09-10 10:42:00,2256.7
2024-09-10 10:43:00,871.5
2024-09-10 10:44:00,871.3
2024-09-10 10:45:00,871.2
2024-09-10 10:46:00,1693.0
2024-09-10 10:47:00,869.8
2024-09-10 10:48:00,870.1
2024-09-10 10:49:00,872.7
2024-09-10 10:50:00,2971.6
2024-09-10 10:51:00,873.8
2024-09-10 10:52:00,8430.3
2024-09-10 10:53:00,12327.9
2024-09-10 10:54:00,12083.2
2024-09-10 10:55:00,12036.5
2024-09-10 10:56:00,12134.3
2024-09-10 10:57:00,12135.1
2024-09-10 10:58:00,13494.1
2024-09-10 10:59:00,13579.6
2024-09-10 11:00:00,8094.7
2024-09-10 11:01:00,5257.3
2024-09-10 11:02:00,6104.8
2024-09-10 11:03:00,1403.6
2024-09-10 11:04:00,4156.1
2024-09-10 11:05:00,4271.2
2024-09-10 11:06:00,3892.2
2024-09-10 11:07:00,4034.8
2024-09-10 11:08:00,6038.0
2024-09-10 11:09:00,7221.6
2024-09-10 11:10:00,7276.9
2024-09-10 11:11:00,5829.5
2024-09-10 11:12:00,5421.2
2024-09-10 11:13:00,6440.1
2024-09-10 11:14:00,6135.3
2024-09-10 11:15:00,5898.4
2024-09-10 11:16:00,7187.4
2024-09-10 11:17:00,7264.1
2024-09-10 11:18:00,7351.2
2024-09-10 11:19:00,7483.7
2024-09-10 11:20:00,8009.1
2024-09-10 11:21:00,10292.8
2024-09-10 11:22:00,10975.7
2024-09-10 11:23:00,11285.9
2024-09-10 11:24:00,11679.0
2024-09-10 11:25:00,13436.8
2024-09-10 11:26:00,11884.5
2024-09-10 11:27:00,11729.6
2024-09-10 11:28:00,11541.0
2024-09-10 11:29:00,10897.0
2024-09-10 11:30:00,5399.8
2024-09-10 11:31:00,10786.2
2024-09-10 11:32:00,10692.5
2024-09-10 11:33:00,10647.7
2024-09-10 11:34:00,10672.2
2024-09-10 11:35:00,10540.5
2024-09-10 11:36:00,10537.4
2024-09-10 11:37:00,10799.8
2024-09-10 11:38:00,10560.6
2024-09-10 11:39:00,10543.6
2024-09-10 11:40:00,10560.9
2024-09-10 11:41:00,10577.0
2024-09-10 11:42:00,13418.7
2024-09-10 11:43:00,13276.1
2024-09-10 11:44:00,13245.1
2024-09-10 11:45:00,13200.1
2024-09-10 11:46:00,13264.1
2024-09-10 11:47:00,13078.9
2024-09-10 11:48:00,13091.4
2024-09-10 11:49:00,13137.3
2024-09-10 11:50:00,13131.7
2024-09-10 11:51:00,13018.9
2024-09-10 11:52:00,12977.1
2024-09-10 11:53:00,12942.7
2024-09-10 11:54:00,12913.1
2024-09-10 11:55:00,13013.5
2024-09-10 11:56:00,12912.5
2024-09-10 11:57:00,12941.3
2024-09-10 11:58:00,13082.4
2024-09-10 11:59:00,13015.4
2024-09-10 12:00:00,8694.4
2024-09-10 12:01:00,12996.5
2024-09-10 12:02:00,12984.8
2024-09-10 12:03:00,13012.6
2024-09-10 12:04:00,12870.6
2024-09-10 12:05:00,12840.5
2024-09-10 12:06:00,12823.0
2024-09-10 12:07:00,12805.5
2024-09-10 12:08:00,12739.0
2024-09-10 12:09:00,12751.6
2024-09-10 12:10:00,12626.4
2024-09-10 12:11:00,12671.1
2024-09-10 12:12:00,12537.1
2024-09-10 12:13:00,12588.8
2024-09-10 12:14:00,12492.3
2024-09-10 12:15:00,12430.0
2024-09-10 12:16:00,12408.7
2024-09-10 12:17:00,12371.3
2024-09-10 12:18:00,12026.5
2024-09-10 12:19:00,11971.0
2024-09-10 12:20:00,12088.6
2024-09-10 12:21:00,12202.5
2024-09-10 12:22:00,12128.1
2024-09-10 12:23:00,12253.4
2024-09-10 12:24:00,12223.0
2024-09-10 12:25:00,10144.8
2024-09-10 12:26:00,12127.1
2024-09-10 12:27:00,12207.4
2024-09-10 12:28:00,12242.9
2024-09-10 12:29:00,12204.9
2024-09-10 12:30:00,6085.6
2024-09-10 12:31:00,12102.0
2024-09-10 12:32:00,12218.4
2024-09-10 12:33:00,12122.5
2024-09-10 12:34:00,12195.7
2024-09-10 12:35:00,12224.7
2024-09-10 12:36:00,12213.7
2024-09-10 12:37:00,12167.9
2024-09-10 12:38:00,12149.7
2024-09-10 12:39:00,12149.3
2024-09-10 12:40:00,12116.1
2024-09-10 12:41:00,12115.7
2024-09-10 12:42:00,12067.4
2024-09-10 12:43:00,12002.1
2024-09-10 12:44:00,12037.4
2024-09-10 12:45:00,12086.1
2024-09-10 12:46:00,12064.7
2024-09-10 12:47:00,12356.4
2024-09-10 12:48:00,12664.2
2024-09-10 12:49:00,12514.3
2024-09-10 12:50:00,12127.8
2024-09-10 12:51:00,12139.3
2024-09-10 12:52:00,12189.5
2024-09-10 12:53:00,12035.8
2024-09-10 12:54:00,13881.7
2024-09-10 12:55:00,13746.0
2024-09-10 12:56:00,13839.8
2024-09-10 12:57:00,12025.9
2024-09-10 12:58:00,12176.9
2024-09-10 12:59:00,12098.0
2024-09-10 13:00:00,6111.4
2024-09-10 13:01:00,12085.9
2024-09-10 13:02:00,12052.9
2024-09-10 13:03:00,12109.1
2024-09-10 13:04:00,12066.9
2024-09-10 13:05:00,12092.1
2024-09-10 13:06:00,12068.6
2024-09-10 13:07:00,12170.5
2024-09-10 13:08:00,12125.3
2024-09-10 13:09:00,12124.3
2024-09-10 13:10:00,12145.7
2024-09-10 13:11:00,12062.2
2024-09-10 13:12:00,12137.1
2024-09-10 13:13:00,12864.3
2024-09-10 13:14:00,12156.3
2024-09-10 13:15:00,12151.6
2024-09-10 13:16:00,12028.7
2024-09-10 13:17:00,12172.6
2024-09-10 13:18:00,12122.0
2024-09-10 13:19:00,12177.9
2024-09-10 13:20:00,12191.8
2024-09-10 13:21:00,12265.0
2024-09-10 13:22:00,12109.7
2024-09-10 13:23:00,12236.4
2024-09-10 13:24:00,12185.9
2024-09-10 13:25:00,12184.2
2024-09-10 13:26:00,12141.0
2024-09-10 13:27:00,12061.6
2024-09-10 13:28:00,12120.8
2024-09-10 13:29:00,12193.6
2024-09-10 13:30:00,6088.9
2024-09-10 13:31:00,12073.3
2024-09-10 13:32:00,11941.2
2024-09-10 13:33:00,11756.4
2024-09-10 13:34:00,11682.1
2024-09-10 13:35:00,11794.6
2024-09-10 13:36:00,11732.6
2024-09-10 13:37:00,11615.3
2024-09-10 13:38:00,11984.7
2024-09-10 13:39:00,12202.8
2024-09-10 13:40:00,12140.6
2024-09-10 13:41:00,12261.2
2024-09-10 13:42:00,12314.3
2024-09-10 13:43:00,12339.2
2024-09-10 13:44:00,12303.1
2024-09-10 13:45:00,12292.6
2024-09-10 13:46:00,12093.4
2024-09-10 13:47:00,12079.1
2024-09-10 13:48:00,12024.0
2024-09-10 13:49:00,12085.3
2024-09-10 13:50:00,12104.3
2024-09-10 13:51:00,11964.2
2024-09-10 13:52:00,11900.1
2024-09-10 13:53:00,11800.2
2024-09-10 13:54:00,11954.8
2024-09-10 13:55:00,11944.6
2024-09-10 13:56:00,12119.6
2024-09-10 13:57:00,12116.0
2024-09-10 13:58:00,12158.6
2024-09-10 13:59:00,12120.6
2024-09-10 14:00:00,6008.9
2024-09-10 14:01:00,12146.4
2024-09-10 14:02:00,12056.7
2024-09-10 14:03:00,12038.5
2024-09-10 14:04:00,12004.2
2024-09-10 14:05:00,12109.6
2024-09-10 14:06:00,12304.1
2024-09-10 14:07:00,12340.6
2024-09-10 14:08:00,12437.2
2024-09-10 14:09:00,12143.4
2024-09-10 14:10:00,12160.0
2024-09-10 14:11:00,12167.2
2024-09-10 14:12:00,12178.2
2024-09-10 14:13:00,12108.9
2024-09-10 14:14:00,12112.9
2024-09-10 14:15:00,12154.7
2024-09-10 14:16:00,12164.6
2024-09-10 14:17:00,12151.5
2024-09-10 14:18:00,12138.4
2024-09-10 14:19:00,12168.6
2024-09-10 14:20:00,12145.9
2024-09-10 14:21:00,12258.9
2024-09-10 14:22:00,12303.3
2024-09-10 14:23:00,12342.1
2024-09-10 14:24:00,12076.8
2024-09-10 14:25:00,11987.6
2024-09-10 14:26:00,11776.5
2024-09-10 14:27:00,12075.8
2024-09-10 14:28:00,11972.6
2024-09-10 14:29:00,11951.4
2024-09-10 14:30:00,5978.3
2024-09-10 14:31:00,11773.5
2024-09-10 14:32:00,11757.7
2024-09-10 14:33:00,11634.7
2024-09-10 14:34:00,11667.5
2024-09-10 14:35:00,11524.9
2024-09-10 14:36:00,11743.6
2024-09-10 14:37:00,11861.5
2024-09-10 14:38:00,11803.0
2024-09-10 14:39:00,11772.9
2024-09-10 14:40:00,11920.4
2024-09-10 14:41:00,11997.6
2024-09-10 14:42:00,11927.1
2024-09-10 14:43:00,11965.7
2024-09-10 14:44:00,11909.2
2024-09-10 14:45:00,11997.2
2024-09-10 14:46:00,11960.5
2024-09-10 14:47:00,12041.1
2024-09-10 14:48:00,11944.2
2024-09-10 14:49:00,11905.5
2024-09-10 14:50:00,12002.3
2024-09-10 14:51:00,12225.9
2024-09-10 14:52:00,12190.0
2024-09-10 14:53:00,11970.0
2024-09-10 14:54:00,11922.7
2024-09-10 14:55:00,11848.0
2024-09-10 14:56:00,11977.7
2024-09-10 14:57:00,11861.9
2024-09-10 14:58:00,32832.6
2024-09-10 14:59:00,32953.6
2024-09-10 15:00:00,16493.4
2024-09-10 15:01:00,32497.3
2024-09-10 15:02:00,33203.1
2024-09-10 15:03:00,33195.3
2024-09-10 15:04:00,33052.2
2024-09-10 15:05:00,32986.5
2024-09-10 15:06:00,32996.1
2024-09-10 15:07:00,32888.5
2024-09-10 15:08:00,32972.9
2024-09-10 15:09:00,33261.5
2024-09-10 15:10:00,32892.5
2024-09-10 15:11:00,33196.2
2024-09-10 15:12:00,33530.4
2024-09-10 15:13:00,33474.6
2024-09-10 15:14:00,32980.0
2024-09-10 15:15:00,33301.1
2024-09-10 15:16:00,33052.1
2024-09-10 15:17:00,33034.7
2024-09-10 15:18:00,33099.8
2024-09-10 15:19:00,32690.3
2024-09-10 15:20:00,32838.8
2024-09-10 15:21:00,32667.0
2024-09-10 15:22:00,32848.7
2024-09-10 15:23:00,32750.2
2024-09-10 15:24:00,32754.4
2024-09-10 15:25:00,33092.8
2024-09-10 15:26:00,32737.8
2024-09-10 15:27:00,32677.0
2024-09-10 15:28:00,32589.0
2024-09-10 15:29:00,32134.4
2024-09-10 15:30:00,15906.8
2024-09-10 15:31:00,30991.9
2024-09-10 15:32:00,30280.0
2024-09-10 15:33:00,30006.1
2024-09-10 15:34:00,29500.2
2024-09-10 15:35:00,29445.5
2024-09-10 15:36:00,28738.1
2024-09-10 15:37:00,28410.0
2024-09-10 15:38:00,28025.4
2024-09-10 15:39:00,27921.6
2024-09-10 15:40:00,27315.2
2024-09-10 15:41:00,27260.0
2024-09-10 15:42:00,26901.1
2024-09-10 15:43:00,21864.5
2024-09-10 15:44:00,27484.5
2024-09-10 15:45:00,26728.9
2024-09-10 15:46:00,26282.8
2024-09-10 15:47:00,25640.8
2024-09-10 15:48:00,22671.3
2024-09-10 15:49:00,25626.6
2024-09-10 15:50:00,25793.0
2024-09-10 15:51:00,12025.4
2024-09-10 15:52:00,25688.2
2024-09-10 15:53:00,25639.8
2024-09-10 15:54:00,25917.3
2024-09-10 15:55:00,24390.7
2024-09-10 15:56:00,25707.9
2024-09-10 15:57:00,20016.1
2024-09-10 15:58:00,25797.6
2024-09-10 15:59:00,14957.2
2024-09-10 16:00:00,13047.2
2024-09-10 16:01:00,22783.5
2024-09-10 16:02:00,26361.2
2024-09-10 16:03:00,25133.9
2024-09-10 16:04:00,25255.9
2024-09-10 16:05:00,15556.8
2024-09-10 16:06:00,25711.2
2024-09-10 16:07:00,12347.2
2024-09-10 16:08:00,25729.1
2024-09-10 16:09:00,22725.1
2024-09-10 16:10:00,25325.9
2024-09-10 16:11:00,25533.4
2024-09-10 16:12:00,22571.6
2024-09-10 16:13:00,25805.2
2024-09-10 16:14:00,22461.0
2024-09-10 16:15:00,25852.7
2024-09-10 16:16:00,21556.3
2024-09-10 16:17:00,27151.4
2024-09-10 16:18:00,21825.8
2024-09-10 16:19:00,27596.1
2024-09-10 16:20:00,21522.8
2024-09-10 16:21:00,25666.3
2024-09-10 16:22:00,25290.0
2024-09-10 16:23:00,22239.7
2024-09-10 16:24:00,25464.9
2024-09-10 16:25:00,21459.5
2024-09-10 16:26:00,25588.5
2024-09-10 16:27:00,22098.0
2024-09-10 16:28:00,25605.5
2024-09-10 16:29:00,12534.8
2024-09-10 16:30:00,12836.9
2024-09-10 16:31:00,21730.3
2024-09-10 16:32:00,25672.0
2024-09-10 16:33:00,25388.5
2024-09-10 16:34:00,24034.9
2024-09-10 16:35:00,24925.8
2024-09-10 16:36:00,18014.5
2024-09-10 16:37:00,25384.8
2024-09-10 16:38:00,22521.9
2024-09-10 16:39:00,25180.1
2024-09-10 16:40:00,25139.4
2024-09-10 16:41:00,22765.6
2024-09-10 16:42:00,25271.2
2024-09-10 16:43:00,23639.6
2024-09-10 16:44:00,25702.4
2024-09-10 16:45:00,21258.0
2024-09-10 16:46:00,25366.8
2024-09-10 16:47:00,21137.9
2024-09-10 16:48:00,25615.5
2024-09-10 16:49:00,13814.1
2024-09-10 16:50:00,25559.4
2024-09-10 16:51:00,22500.5
2024-09-10 16:52:00,25322.1
2024-09-10 16:53:00,14036.6
2024-09-10 16:54:00,25579.7
2024-09-10 16:55:00,22685.8
2024-09-10 16:56:00,25144.3
2024-09-10 16:57:00,22503.3
2024-09-10 16:58:00,25627.3
2024-09-10 16:59:00,12347.3
2024-09-10 17:00:00,12784.6
2024-09-10 17:01:00,25559.1
2024-09-10 17:02:00,23785.1
2024-09-10 17:03:00,25694.4
2024-09-10 17:04:00,22512.1
2024-09-10 17:05:00,25236.4
2024-09-10 17:06:00,17000.9
2024-09-10 17:07:00,24714.9
2024-09-10 17:08:00,18412.0
2024-09-10 17:09:00,24776.9
2024-09-10 17:10:00,12087.9
2024-09-10 17:11:00,24667.6
2024-09-10 17:12:00,11983.6
2024-09-10 17:13:00,24865.5
2024-09-10 17:14:00,15311.1
2024-09-10 17:15:00,23816.2
2024-09-10 17:16:00,19792.6
2024-09-10 17:17:00,21768.5
2024-09-10 17:18:00,20574.6
2024-09-10 17:19:00,16494.3
2024-09-10 17:20:00,19716.1
2024-09-10 17:21:00,16918.6
2024-09-10 17:22:00,15031.9
2024-09-10 17:23:00,15541.0
2024-09-10 17:24:00,2497.3
2024-09-10 17:25:00,15011.2
2024-09-10 17:26:00,11636.0
2024-09-10 17:27:00,13492.4
2024-09-10 17:28:00,13487.1
2024-09-10 17:29:00,10412.7
2024-09-10 17:30:00,6522.2
2024-09-10 17:31:00,9038.7
2024-09-10 17:32:00,10844.5
2024-09-10 17:33:00,4164.7
2024-09-10 17:34:00,1455.1
2024-09-10 17:35:00,540.6
2024-09-10 17:36:00,1457.8
2024-09-10 17:37:00,1453.0
2024-09-10 17:38:00,561.4
2024-09-10 17:39:00,1431.2
2024-09-10 17:40:00,1427.9
2024-09-10 17:41:00,1431.4
2024-09-10 17:42:00,1433.4
2024-09-10 17:43:00,469.4
2024-09-10 17:44:00,1365.6
2024-09-10 17:45:00,1365.6
2024-09-10 17:46:00,538.9
2024-09-10 17:47:00,1434.2
2024-09-10 17:48:00,1433.4
2024-09-10 17:49:00,1431.8
2024-09-10 17:50:00,1434.6
2024-09-10 17:51:00,1435.7
2024-09-10 17:52:00,540.2
2024-09-10 17:53:00,1409.3
2024-09-10 17:54:00,1409.3
2024-09-10 17:55:00,1434.1
2024-09-10 17:56:00,538.4
2024-09-10 17:57:00,1435.7
2024-09-10 17:58:00,1437.9
2024-09-10 17:59:00,1414.9
2024-09-10 18:00:00,720.0
2024-09-10 18:01:00,1423.6
2024-09-10 18:02:00,539.2
2024-09-10 18:03:00,1404.6
2024-09-10 18:04:00,1333.7
2024-09-10 18:05:00,1357.3
2024-09-10 18:06:00,466.8
2024-09-10 18:07:00,490.6
2024-09-10 18:08:00,1357.8
2024-09-10 18:09:00,1378.2
2024-09-10 18:10:00,1424.1
2024-09-10 18:11:00,1425.1
2024-09-10 18:12:00,1379.6
2024-09-10 18:13:00,1380.7
2024-09-10 18:14:00,1380.3
2024-09-10 18:15:00,1402.5
2024-09-10 18:16:00,538.1
2024-09-10 18:17:00,1403.6
2024-09-10 18:18:00,1404.0
2024-09-10 18:19:00,514.7
2024-09-10 18:20:00,515.3
2024-09-10 18:21:00,538.8
2024-09-10 18:22:00,1404.7
2024-09-10 18:23:00,515.2
2024-09-10 18:24:00,1403.8
2024-09-10 18:25:00,492.1
2024-09-10 18:26:00,515.8
2024-09-10 18:27:00,1335.5
2024-09-10 18:28:00,1334.8
2024-09-10 18:29:00,1357.5
2024-09-10 18:30:00,678.8
2024-09-10 18:31:00,1427.9
2024-09-10 18:32:00,1429.9
2024-09-10 18:33:00,1408.5
2024-09-10 18:34:00,1430.2
2024-09-10 18:35:00,1431.8
2024-09-10 18:36:00,515.6
2024-09-10 18:37:00,1404.5
2024-09-10 18:38:00,1406.7
2024-09-10 18:39:00,1430.4
2024-09-10 18:40:00,539.2
2024-09-10 18:41:00,539.2
2024-09-10 18:42:00,1404.5
2024-09-10 18:43:00,538.7
2024-09-10 18:44:00,1380.3
2024-09-10 18:45:00,1430.0
2024-09-10 18:46:00,1431.2
2024-09-10 18:47:00,1406.6
2024-09-10 18:48:00,1431.2
2024-09-10 18:49:00,1431.0
2024-09-10 18:50:00,1336.1
2024-09-10 18:51:00,1362.3
2024-09-10 18:52:00,1358.6
2024-09-10 18:53:00,443.9
2024-09-10 18:54:00,515.9
2024-09-10 18:55:00,1429.6
2024-09-10 18:56:00,515.3
2024-09-10 18:57:00,516.2
2024-09-10 18:58:00,561.7
2024-09-10 18:59:00,1407.4
2024-09-10 19:00:00,270.3
2024-09-10 19:01:00,1434.1
2024-09-10 19:02:00,1437.9
2024-09-10 19:03:00,1412.6
2024-09-10 19:04:00,1434.3
2024-09-10 19:05:00,1433.9
2024-09-10 19:06:00,1619.3
2024-09-10 19:07:00,3839.9
2024-09-10 19:08:00,3679.8
2024-09-10 19:09:00,3712.9
2024-09-10 19:10:00,3572.6
2024-09-10 19:11:00,2933.4
2024-09-10 19:12:00,2902.3
2024-09-10 19:13:00,2965.6
2024-09-10 19:14:00,1361.3
2024-09-10 19:15:00,1363.0
2024-09-10 19:16:00,1361.7
2024-09-10 19:17:00,1407.0
2024-09-10 19:18:00,1428.6
2024-09-10 19:19:00,1431.4
2024-09-10 19:20:00,1409.0
2024-09-10 19:21:00,1456.0
2024-09-10 19:22:00,1408.0
2024-09-10 19:23:00,1408.4
2024-09-10 19:24:00,1406.0
2024-09-10 19:25:00,1409.4
2024-09-10 19:26:00,1411.6
2024-09-10 19:27:00,1410.8
2024-09-10 19:28:00,1410.2
2024-09-10 19:29:00,1412.8
2024-09-10 19:30:00,259.2
2024-09-10 19:31:00,518.4
2024-09-10 19:32:00,519.2
2024-09-10 19:33:00,520.2
2024-09-10 19:34:00,1417.1
2024-09-10 19:35:00,520.8
2024-09-10 19:36:00,1346.8
2024-09-10 19:37:00,1346.6
2024-09-10 19:38:00,1345.2
2024-09-10 19:39:00,1347.7
2024-09-10 19:40:00,521.4
2024-09-10 19:41:00,521.4
2024-09-10 19:42:00,521.0
2024-09-10 19:43:00,522.1
2024-09-10 19:44:00,521.5
2024-09-10 19:45:00,522.3
2024-09-10 19:46:00,515.2
2024-09-10 19:47:00,538.5
2024-09-10 19:48:00,514.9
2024-09-10 19:49:00,515.4
2024-09-10 19:50:00,515.4
2024-09-10 19:51:00,1403.4
2024-09-10 19:52:00,515.8
2024-09-10 19:53:00,516.2
2024-09-10 19:54:00,514.3
2024-09-10 19:55:00,516.2
2024-09-10 19:56:00,515.1
2024-09-10 19:57:00,516.4
2024-09-10 19:58:00,1338.8
2024-09-10 19:59:00,1334.2
2024-09-10 20:00:00,666.7
2024-09-10 20:01:00,1338.0
2024-09-10 20:02:00,516.6
2024-09-10 20:03:00,515.9
2024-09-10 20:04:00,515.3
2024-09-10 20:05:00,516.4
2024-09-10 20:06:00,517.0
2024-09-10 20:07:00,517.7
2024-09-10 20:08:00,517.9
2024-09-10 20:09:00,540.3
2024-09-10 20:10:00,516.0
2024-09-10 20:11:00,515.3
2024-09-10 20:12:00,515.8
2024-09-10 20:13:00,517.1
2024-09-10 20:14:00,517.3
2024-09-10 20:15:00,540.7
2024-09-10 20:16:00,1406.0
2024-09-10 20:17:00,1407.4
2024-09-10 20:18:00,516.4
2024-09-10 20:19:00,517.3
2024-09-10 20:20:00,1409.0
2024-09-10 20:21:00,495.0
2024-09-10 20:22:00,1316.3
2024-09-10 20:23:00,1341.5
2024-09-10 20:24:00,1340.4
2024-09-10 20:25:00,1315.1
2024-09-10 20:26:00,515.9
2024-09-10 20:27:00,1383.9
2024-09-10 20:28:00,1356.6
2024-09-10 20:29:00,1379.6
2024-09-10 20:30:00,258.2
2024-09-10 20:31:00,516.2
2024-09-10 20:32:00,516.3
2024-09-10 20:33:00,492.1
2024-09-10 20:34:00,493.6
2024-09-10 20:35:00,517.7
2024-09-10 20:36:00,494.2
2024-09-10 20:37:00,517.0
2024-09-10 20:38:00,517.2
2024-09-10 20:39:00,518.4
2024-09-10 20:40:00,518.6
2024-09-10 20:41:00,2560.9
2024-09-10 20:42:00,4251.0
2024-09-10 20:43:00,4184.8
2024-09-10 20:44:00,4071.5
2024-09-10 20:45:00,4051.4
2024-09-10 20:46:00,1345.3
2024-09-10 20:47:00,1347.4
2024-09-10 20:48:00,1348.2
2024-09-10 20:49:00,1343.8
2024-09-10 20:50:00,520.2
2024-09-10 20:51:00,1412.2
2024-09-10 20:52:00,1416.4
2024-09-10 20:53:00,1417.8
2024-09-10 20:54:00,520.7
2024-09-10 20:55:00,1418.8
2024-09-10 20:56:00,1419.6
2024-09-10 20:57:00,522.2
2024-09-10 20:58:00,521.4
2024-09-10 20:59:00,523.2
2024-09-10 21:00:00,712.8
2024-09-10 21:01:00,519.5
2024-09-10 21:02:00,518.6
2024-09-10 21:03:00,1387.1
2024-09-10 21:04:00,517.1
2024-09-10 21:05:00,517.4
2024-09-10 21:06:00,1412.8
2024-09-10 21:07:00,1387.3
2024-09-10 21:08:00,1412.6
2024-09-10 21:09:00,495.2
2024-09-10 21:10:00,1341.1
2024-09-10 21:11:00,1341.7
2024-09-10 21:12:00,1341.3
2024-09-10 21:13:00,1384.1
2024-09-10 21:14:00,1425.6
2024-09-10 21:15:00,1425.6
2024-09-10 21:16:00,1420.5
2024-09-10 21:17:00,1418.1
2024-09-10 21:18:00,1436.1
2024-09-10 21:19:00,1434.3
2024-09-10 21:20:00,1437.2
2024-09-10 21:21:00,1435.6
2024-09-10 21:22:00,1435.3
2024-09-10 21:23:00,1434.7
2024-09-10 21:24:00,1433.9
2024-09-10 21:25:00,1434.3
2024-09-10 21:26:00,1429.9
2024-09-10 21:27:00,1435.0
2024-09-10 21:28:00,1408.0
2024-09-10 21:29:00,1431.5
2024-09-10 21:30:00,716.3
2024-09-10 21:31:00,1433.1
2024-09-10 21:32:00,1433.1
2024-09-10 21:33:00,444.4
2024-09-10 21:34:00,1385.8
2024-09-10 21:35:00,1387.2
2024-09-10 21:36:00,1385.0
2024-09-10 21:37:00,1380.5
2024-09-10 21:38:00,1426.2
2024-09-10 21:39:00,1427.0
2024-09-10 21:40:00,1428.2
2024-09-10 21:41:00,1452.7
2024-09-10 21:42:00,1434.7
2024-09-10 21:43:00,1434.7
2024-09-10 21:44:00,1461.0
2024-09-10 21:45:00,1482.8
2024-09-10 21:46:00,1436.8
2024-09-10 21:47:00,1458.7
2024-09-10 21:48:00,1437.2
2024-09-10 21:49:00,1439.0
2024-09-10 21:50:00,1488.0
2024-09-10 21:51:00,1491.0
2024-09-10 21:52:00,3779.8
2024-09-10 21:53:00,4299.2
2024-09-10 21:54:00,4180.9
2024-09-10 21:55:00,5701.4
2024-09-10 21:56:00,5575.8
2024-09-10 21:57:00,-270.8
2024-09-10 21:58:00,-695.2
2024-09-10 21:59:00,4232.9
2024-09-10 22:00:00,1795.2
2024-09-10 22:01:00,3068.4
2024-09-10 22:02:00,546.0
2024-09-10 22:03:00,1444.3
2024-09-10 22:04:00,1446.1
2024-09-10 22:05:00,545.6
2024-09-10 22:06:00,546.1
2024-09-10 22:07:00,1446.7
2024-09-10 22:08:00,1447.5
2024-09-10 22:09:00,546.3
2024-09-10 22:10:00,1449.2
2024-09-10 22:11:00,1430.1
2024-09-10 22:12:00,1432.1
2024-09-10 22:13:00,1430.4
2024-09-10 22:14:00,1431.1
2024-09-10 22:15:00,1429.9
2024-09-10 22:16:00,1430.7
2024-09-10 22:17:00,1432.7
2024-09-10 22:18:00,1436.0
2024-09-10 22:19:00,1436.8
2024-09-10 22:20:00,1462.8
2024-09-10 22:21:00,1368.9
2024-09-10 22:22:00,1391.5
2024-09-10 22:23:00,1392.1
2024-09-10 22:24:00,1366.8
2024-09-10 22:25:00,1387.9
2024-09-10 22:26:00,1435.8
2024-09-10 22:27:00,1434.5
2024-09-10 22:28:00,1434.7
2024-09-10 22:29:00,1435.8
2024-09-10 22:30:00,718.9
2024-09-10 22:31:00,1460.3
2024-09-10 22:32:00,1416.8
2024-09-10 22:33:00,1417.0
2024-09-10 22:34:00,1416.8
2024-09-10 22:35:00,1418.2
2024-09-10 22:36:00,1419.0
2024-09-10 22:37:00,1421.0
2024-09-10 22:38:00,1447.2
2024-09-10 22:39:00,1445.1
2024-09-10 22:40:00,1424.0
2024-09-10 22:41:00,1412.2
2024-09-10 22:42:00,1412.0
2024-09-10 22:43:00,1387.3
2024-09-10 22:44:00,1412.4
2024-09-10 22:45:00,1341.1
2024-09-10 22:46:00,1341.9
2024-09-10 22:47:00,1338.5
2024-09-10 22:48:00,1338.6
2024-09-10 22:49:00,1314.2
2024-09-10 22:50:00,1407.0
2024-09-10 22:51:00,1406.4
2024-09-10 22:52:00,1382.2
2024-09-10 22:53:00,1382.2
2024-09-10 22:54:00,1384.4
2024-09-10 22:55:00,1406.4
2024-09-10 22:56:00,1358.4
2024-09-10 22:57:00,1403.8
2024-09-10 22:58:00,1380.6
2024-09-10 22:59:00,1404.8
2024-09-10 23:00:00,677.0
2024-09-10 23:01:00,1314.8
2024-09-10 23:02:00,1326.4
2024-09-10 23:03:00,1353.4
2024-09-10 23:04:00,1339.9
2024-09-10 23:05:00,1388.7
2024-09-10 23:06:00,1366.9
2024-09-10 23:07:00,1390.8
2024-09-10 23:08:00,1417.6
2024-09-10 23:09:00,1419.6
2024-09-10 23:10:00,1419.0
2024-09-10 23:11:00,1349.1
2024-09-10 23:12:00,1349.5
2024-09-10 23:13:00,1350.4
2024-09-10 23:14:00,1403.8
2024-09-10 23:15:00,1405.0
2024-09-10 23:16:00,1403.2
2024-09-10 23:17:00,1378.6
2024-09-10 23:18:00,1403.0
2024-09-10 23:19:00,1404.2
2024-09-10 23:20:00,1428.8
2024-09-10 23:21:00,1405.2
2024-09-10 23:22:00,1404.8
2024-09-10 23:23:00,1405.2
2024-09-10 23:24:00,1404.8
2024-09-10 23:25:00,1381.4
2024-09-10 23:26:00,1406.4
2024-09-10 23:27:00,1404.8
2024-09-10 23:28:00,1405.4
2024-09-10 23:29:00,1401.6
2024-09-10 23:30:00,701.9
2024-09-10 23:31:00,519.2
2024-09-10 23:32:00,519.7
2024-09-10 23:33:00,519.9
2024-09-10 23:34:00,1321.7
2024-09-10 23:35:00,1345.1
2024-09-10 23:36:00,1344.1
2024-09-10 23:37:00,4311.9
2024-09-10 23:38:00,4074.0
2024-09-10 23:39:00,4054.5
2024-09-10 23:40:00,3987.5
2024-09-10 23:41:00,1417.0
2024-09-10 23:42:00,519.7
2024-09-10 23:43:00,1416.4
2024-09-10 23:44:00,520.5
2024-09-10 23:45:00,519.5
2024-09-10 23:46:00,517.0
2024-09-10 23:47:00,517.3
2024-09-10 23:48:00,517.3
2024-09-10 23:49:00,1409.0
2024-09-10 23:50:00,541.7
2024-09-10 23:51:00,542.4
2024-09-10 23:52:00,519.1
2024-09-10 23:53:00,1436.4
2024-09-10 23:54:00,519.5
2024-09-10 23:55:00,1416.0
2024-09-10 23:56:00,520.2
2024-09-10 23:57:00,1370.7
2024-09-10 23:58:00,1394.7
2024-09-10 23:59:00,1395.8
2024-09-11 00:00:00,696.9
2024-09-11 00:01:00,1419.5
2024-09-11 00:02:00,1444.3
2024-09-11 00:03:00,1442.1
2024-09-11 00:04:00,544.5
2024-09-11 00:05:00,1445.1
2024-09-11 00:06:00,1470.4
2024-09-11 00:07:00,545.2
2024-09-11 00:08:00,1471.0
2024-09-11 00:09:00,1449.8
2024-09-11 00:10:00,1449.6
2024-09-11 00:11:00,1432.1
2024-09-11 00:12:00,1452.9
2024-09-11 00:13:00,1454.3
2024-09-11 00:14:00,1502.1
2024-09-11 00:15:00,1503.4
2024-09-11 00:16:00,1503.0
2024-09-11 00:17:00,1499.7
2024-09-11 00:18:00,1500.2
2024-09-11 00:19:00,1499.1
2024-09-11 00:20:00,1500.1
2024-09-11 00:21:00,1500.4
2024-09-11 00:22:00,1474.8
2024-09-11 00:23:00,1405.1
2024-09-11 00:24:00,1403.9
2024-09-11 00:25:00,1454.0
2024-09-11 00:26:00,1405.5
2024-09-11 00:27:00,1476.5
2024-09-11 00:28:00,1479.0
2024-09-11 00:29:00,1477.1
2024-09-11 00:30:00,740.0
2024-09-11 00:31:00,1479.2
2024-09-11 00:32:00,1495.9
2024-09-11 00:33:00,1494.2
2024-09-11 00:34:00,1422.9
2024-09-11 00:35:00,1471.2
2024-09-11 00:36:00,1496.6
2024-09-11 00:37:00,1496.6
2024-09-11 00:38:00,1498.9
2024-09-11 00:39:00,1498.0
2024-09-11 00:40:00,1478.4
2024-09-11 00:41:00,1507.2
2024-09-11 00:42:00,1536.1
2024-09-11 00:43:00,3805.9
2024-09-11 00:44:00,4199.8
2024-09-11 00:45:00,3532.8
2024-09-11 00:46:00,3373.5
2024-09-11 00:47:00,3652.3
2024-09-11 00:48:00,3724.3
2024-09-11 00:49:00,465.8
2024-09-11 00:50:00,466.6
2024-09-11 00:51:00,1474.7
2024-09-11 00:52:00,1496.5
2024-09-11 00:53:00,1497.8
2024-09-11 00:54:00,514.4
2024-09-11 00:55:00,1501.0
2024-09-11 00:56:00,1524.0
2024-09-11 00:57:00,1498.7
2024-09-11 00:58:00,1498.2
2024-09-11 00:59:00,1498.5
2024-09-11 01:00:00,749.3
2024-09-11 01:01:00,1496.3
2024-09-11 01:02:00,1492.5
2024-09-11 01:03:00,1494.6
2024-09-11 01:04:00,1470.8
2024-09-11 01:05:00,1472.3
2024-09-11 01:06:00,1496.8
2024-09-11 01:07:00,1497.8
2024-09-11 01:08:00,1475.2
2024-09-11 01:09:00,1449.9
2024-09-11 01:10:00,1475.8
2024-09-11 01:11:00,513.6
2024-09-11 01:12:00,1452.7
2024-09-11 01:13:00,468.0
2024-09-11 01:14:00,467.8
2024-09-11 01:15:00,466.8
2024-09-11 01:16:00,514.7
2024-09-11 01:17:00,1499.1
2024-09-11 01:18:00,1498.2
2024-09-11 01:19:00,1497.4
2024-09-11 01:20:00,1497.2
2024-09-11 01:21:00,1497.2
2024-09-11 01:22:00,1496.1
2024-09-11 01:23:00,512.9
2024-09-11 01:24:00,1495.7
2024-09-11 01:25:00,1497.0
2024-09-11 01:26:00,1471.4
2024-09-11 01:27:00,1497.6
2024-09-11 01:28:00,1474.1
2024-09-11 01:29:00,1499.3
2024-09-11 01:30:00,750.1
2024-09-11 01:31:00,1500.2
2024-09-11 01:32:00,1476.7
2024-09-11 01:33:00,1521.8
2024-09-11 01:34:00,1522.3
2024-09-11 01:35:00,1546.8
2024-09-11 01:36:00,1546.9
2024-09-11 01:37:00,1500.8
2024-09-11 01:38:00,1477.6
2024-09-11 01:39:00,1499.8
2024-09-11 01:40:00,1525.4
2024-09-11 01:41:00,1547.3
2024-09-11 01:42:00,1551.0
2024-09-11 01:43:00,1524.4
2024-09-11 01:44:00,1546.2
2024-09-11 01:45:00,1568.0
2024-09-11 01:46:00,1538.9
2024-09-11 01:47:00,1539.4
2024-09-11 01:48:00,1540.9
2024-09-11 01:49:00,1541.5
2024-09-11 01:50:00,1566.0
2024-09-11 01:51:00,1540.7
2024-09-11 01:52:00,1538.2
2024-09-11 01:53:00,1536.7
2024-09-11 01:54:00,1535.8
2024-09-11 01:55:00,1554.5
2024-09-11 01:56:00,1574.3
2024-09-11 01:57:00,1550.2
2024-09-11 01:58:00,3721.7
2024-09-11 01:59:00,4096.6
2024-09-11 02:00:00,1951.5
2024-09-11 02:01:00,3856.1
2024-09-11 02:02:00,3980.0
2024-09-11 02:03:00,1505.6
2024-09-11 02:04:00,1459.6
2024-09-11 02:05:00,1509.9
2024-09-11 02:06:00,1487.1
2024-09-11 02:07:00,1560.7
2024-09-11 02:08:00,1561.4
2024-09-11 02:09:00,1559.4
2024-09-11 02:10:00,1559.1
2024-09-11 02:11:00,1556.5
2024-09-11 02:12:00,1554.1
2024-09-11 02:13:00,1549.5
2024-09-11 02:14:00,1548.1
2024-09-11 02:15:00,1525.7
2024-09-11 02:16:00,1571.4
2024-09-11 02:17:00,1539.0
2024-09-11 02:18:00,1509.8
2024-09-11 02:19:00,1510.2
2024-09-11 02:20:00,1510.2
2024-09-11 02:21:00,1510.8
2024-09-11 02:22:00,1510.8
2024-09-11 02:23:00,1511.9
2024-09-11 02:24:00,1533.1
2024-09-11 02:25:00,1534.0
2024-09-11 02:26:00,1532.9
2024-09-11 02:27:00,1510.6
2024-09-11 02:28:00,1462.8
2024-09-11 02:29:00,1464.1
2024-09-11 02:30:00,731.5
2024-09-11 02:31:00,1461.8
2024-09-11 02:32:00,1510.6
2024-09-11 02:33:00,1509.5
2024-09-11 02:34:00,1508.3
2024-09-11 02:35:00,1507.2
2024-09-11 02:36:00,613.3
2024-09-11 02:37:00,1506.8
2024-09-11 02:38:00,1530.1
2024-09-11 02:39:00,1529.6
2024-09-11 02:40:00,1552.5
2024-09-11 02:41:00,1534.8
2024-09-11 02:42:00,1564.4
2024-09-11 02:43:00,1566.0
2024-09-11 02:44:00,1569.9
2024-09-11 02:45:00,1545.0
2024-09-11 02:46:00,1570.7
2024-09-11 02:47:00,1515.8
2024-09-11 02:48:00,1488.0
2024-09-11 02:49:00,1533.1
2024-09-11 02:50:00,1530.5
2024-09-11 02:51:00,1507.6
2024-09-11 02:52:00,1458.5
2024-09-11 02:53:00,1460.6
2024-09-11 02:54:00,1459.2
2024-09-11 02:55:00,1460.8
2024-09-11 02:56:00,1461.0
2024-09-11 02:57:00,1506.6
2024-09-11 02:58:00,1505.7
2024-09-11 02:59:00,1508.3
2024-09-11 03:00:00,753.7
2024-09-11 03:01:00,1506.0
2024-09-11 03:02:00,1482.6
2024-09-11 03:03:00,613.1
2024-09-11 03:04:00,1502.5
2024-09-11 03:05:00,1507.2
2024-09-11 03:06:00,1509.4
2024-09-11 03:07:00,1509.4
2024-09-11 03:08:00,1508.7
2024-09-11 03:09:00,1509.8
2024-09-11 03:10:00,1509.4
2024-09-11 03:11:00,1532.4
2024-09-11 03:12:00,1507.8
2024-09-11 03:13:00,1529.4
2024-09-11 03:14:00,4051.2
2024-09-11 03:15:00,4027.9
2024-09-11 03:16:00,3906.7
2024-09-11 03:17:00,3907.0
2024-09-11 03:18:00,1457.3
2024-09-11 03:19:00,1456.1
2024-09-11 03:20:00,1456.1
2024-09-11 03:21:00,1456.9
2024-09-11 03:22:00,1527.6
2024-09-11 03:23:00,1529.4
2024-09-11 03:24:00,1530.7
2024-09-11 03:25:00,1555.2
2024-09-11 03:26:00,1506.8
2024-09-11 03:27:00,1507.2
2024-09-11 03:28:00,1505.7
2024-09-11 03:29:00,1528.1
2024-09-11 03:30:00,751.6
2024-09-11 03:31:00,1502.1
2024-09-11 03:32:00,611.0
2024-09-11 03:33:00,1500.5
2024-09-11 03:34:00,610.6
2024-09-11 03:35:00,1500.4
2024-09-11 03:36:00,1499.5
2024-09-11 03:37:00,1501.7
2024-09-11 03:38:00,1504.2
2024-09-11 03:39:00,1501.0
2024-09-11 03:40:00,1503.6
2024-09-11 03:41:00,1503.0
2024-09-11 03:42:00,1504.9
2024-09-11 03:43:00,1504.9
2024-09-11 03:44:00,1456.3
2024-09-11 03:45:00,1432.6
2024-09-11 03:46:00,1454.8
2024-09-11 03:47:00,1451.5
2024-09-11 03:48:00,1502.1
2024-09-11 03:49:00,564.3
2024-09-11 03:50:00,1479.8
2024-09-11 03:51:00,1457.0
2024-09-11 03:52:00,1479.2
2024-09-11 03:53:00,1503.1
2024-09-11 03:54:00,611.6
2024-09-11 03:55:00,1451.2
2024-09-11 03:56:00,1478.1
2024-09-11 03:57:00,1501.0
2024-09-11 03:58:00,1476.0
2024-09-11 03:59:00,1478.7
2024-09-11 04:00:00,750.0
2024-09-11 04:01:00,1496.8
2024-09-11 04:02:00,1495.3
2024-09-11 04:03:00,1497.0
2024-09-11 04:04:00,1496.1
2024-09-11 04:05:00,1519.8
2024-09-11 04:06:00,1491.2
2024-09-11 04:07:00,1494.0
2024-09-11 04:08:00,1492.5
2024-09-11 04:09:00,1445.5
2024-09-11 04:10:00,1443.9
2024-09-11 04:11:00,1464.7
2024-09-11 04:12:00,1464.3
2024-09-11 04:13:00,1511.0
2024-09-11 04:14:00,5783.5
2024-09-11 04:15:00,5990.3
2024-09-11 04:16:00,-932.2
2024-09-11 04:17:00,3867.3
2024-09-11 04:18:00,3776.8
2024-09-11 04:19:00,1491.3
2024-09-11 04:20:00,1487.8
2024-09-11 04:21:00,1489.4
2024-09-11 04:22:00,1488.6
2024-09-11 04:23:00,1464.8
2024-09-11 04:24:00,1488.8
2024-09-11 04:25:00,1488.6
2024-09-11 04:26:00,1486.9
2024-09-11 04:27:00,592.2
2024-09-11 04:28:00,1490.7
2024-09-11 04:29:00,1492.8
2024-09-11 04:30:00,747.4
2024-09-11 04:31:00,1492.8
2024-09-11 04:32:00,593.8
2024-09-11 04:33:00,594.5
2024-09-11 04:34:00,1423.5
2024-09-11 04:35:00,1425.5
2024-09-11 04:36:00,1425.3
2024-09-11 04:37:00,1401.9
2024-09-11 04:38:00,1406.1
2024-09-11 04:39:00,564.2
2024-09-11 04:40:00,587.8
2024-09-11 04:41:00,1452.4
2024-09-11 04:42:00,1454.3
2024-09-11 04:43:00,587.8
2024-09-11 04:44:00,1452.8
2024-09-11 04:45:00,588.7
2024-09-11 04:46:00,564.7
2024-09-11 04:47:00,587.4
2024-09-11 04:48:00,1478.7
2024-09-11 04:49:00,1476.0
2024-09-11 04:50:00,1477.3
2024-09-11 04:51:00,564.8
2024-09-11 04:52:00,1429.1
2024-09-11 04:53:00,587.8
2024-09-11 04:54:00,1450.3
2024-09-11 04:55:00,586.8
2024-09-11 04:56:00,588.0
2024-09-11 04:57:00,1476.4
2024-09-11 04:58:00,1453.2
2024-09-11 04:59:00,588.4
2024-09-11 05:00:00,739.5
2024-09-11 05:01:00,1404.5
2024-09-11 05:02:00,1383.5
2024-09-11 05:03:00,1433.8
2024-09-11 05:04:00,1405.9
2024-09-11 05:05:00,1427.7
2024-09-11 05:06:00,1475.0
2024-09-11 05:07:00,586.0
2024-09-11 05:08:00,1475.6
2024-09-11 05:09:00,563.3
2024-09-11 05:10:00,1475.0
2024-09-11 05:11:00,1474.8
2024-09-11 05:12:00,1472.9
2024-09-11 05:13:00,1474.6
2024-09-11 05:14:00,1451.8
2024-09-11 05:15:00,1428.9
2024-09-11 05:16:00,1477.7
2024-09-11 05:17:00,1475.4
2024-09-11 05:18:00,1474.8
2024-09-11 05:19:00,1475.2
2024-09-11 05:20:00,1473.7
2024-09-11 05:21:00,1474.8
2024-09-11 05:22:00,586.0
2024-09-11 05:23:00,562.2
2024-09-11 05:24:00,1473.7
2024-09-11 05:25:00,1470.3
2024-09-11 05:26:00,1473.4
2024-09-11 05:27:00,1752.2
2024-09-11 05:28:00,3824.8
2024-09-11 05:29:00,3570.3
2024-09-11 05:30:00,1665.3
2024-09-11 05:31:00,3377.0
2024-09-11 05:32:00,3300.5
2024-09-11 05:33:00,3298.4
2024-09-11 05:34:00,1508.7
2024-09-11 05:35:00,1508.5
2024-09-11 05:36:00,1510.4
2024-09-11 05:37:00,1510.2
2024-09-11 05:38:00,1535.7
2024-09-11 05:39:00,1511.9
2024-09-11 05:40:00,1509.2
2024-09-11 05:41:00,1509.8
2024-09-11 05:42:00,1510.7
2024-09-11 05:43:00,1510.4
2024-09-11 05:44:00,1557.2
2024-09-11 05:45:00,1512.1
2024-09-11 05:46:00,1490.0
2024-09-11 05:47:00,1536.8
2024-09-11 05:48:00,1513.9
2024-09-11 05:49:00,1513.7
2024-09-11 05:50:00,1513.2
2024-09-11 05:51:00,1538.1
2024-09-11 05:52:00,1562.5
2024-09-11 05:53:00,1515.3
2024-09-11 05:54:00,1474.4
2024-09-11 05:55:00,1460.2
2024-09-11 05:56:00,1461.3
2024-09-11 05:57:00,1461.6
2024-09-11 05:58:00,1486.1
2024-09-11 05:59:00,1555.9
2024-09-11 06:00:00,753.4
2024-09-11 06:01:00,1560.6
2024-09-11 06:02:00,1540.4
2024-09-11 06:03:00,1587.7
2024-09-11 06:04:00,1559.2
2024-09-11 06:05:00,1534.3
2024-09-11 06:06:00,1530.2
2024-09-11 06:07:00,1503.7
2024-09-11 06:08:00,1503.0
2024-09-11 06:09:00,-187.5
2024-09-11 06:10:00,-210.9
2024-09-11 06:11:00,-140.5
2024-09-11 06:12:00,-141.3
2024-09-11 06:13:00,3606.7
2024-09-11 06:14:00,4848.8
2024-09-11 06:15:00,4216.9
2024-09-11 06:16:00,-117.9
2024-09-11 06:17:00,1408.6
2024-09-11 06:18:00,1406.9
2024-09-11 06:19:00,1417.6
2024-09-11 06:20:00,1438.3
2024-09-11 06:21:00,-0.0
2024-09-11 06:22:00,-94.3
2024-09-11 06:23:00,-140.8
2024-09-11 06:24:00,-141.2
2024-09-11 06:25:00,1407.8
2024-09-11 06:26:00,1432.0
2024-09-11 06:27:00,1457.1
2024-09-11 06:28:00,1480.8
2024-09-11 06:29:00,1455.9
2024-09-11 06:30:00,-117.6
2024-09-11 06:31:00,-188.1
2024-09-11 06:32:00,-211.9
2024-09-11 06:33:00,-212.2
2024-09-11 06:34:00,4489.8
2024-09-11 06:35:00,3897.5
2024-09-11 06:36:00,3403.8
2024-09-11 06:37:00,3143.1
2024-09-11 06:38:00,1608.3
2024-09-11 06:39:00,-279.3
2024-09-11 06:40:00,-163.0
2024-09-11 06:41:00,-188.4
2024-09-11 06:42:00,1459.0
2024-09-11 06:43:00,1438.7
2024-09-11 06:44:00,1440.2
2024-09-11 06:45:00,1468.7
2024-09-11 06:46:00,1442.8
2024-09-11 06:47:00,1631.4
2024-09-11 06:48:00,828.0
2024-09-11 06:49:00,-94.2
2024-09-11 06:50:00,-94.3
2024-09-11 06:51:00,1395.8
2024-09-11 06:52:00,1422.9
2024-09-11 06:53:00,1423.7
2024-09-11 06:54:00,1423.7
2024-09-11 06:55:00,1423.5
2024-09-11 06:56:00,-46.6
2024-09-11 06:57:00,-117.0
2024-09-11 06:58:00,-139.8
2024-09-11 06:59:00,-165.0
2024-09-11 07:00:00,716.7
2024-09-11 07:01:00,1410.5
2024-09-11 07:02:00,1408.9
2024-09-11 07:03:00,1403.3
2024-09-11 07:04:00,1401.1
2024-09-11 07:05:00,-186.1
2024-09-11 07:06:00,5558.2
2024-09-11 07:07:00,-118.0
2024-09-11 07:08:00,1409.5
2024-09-11 07:09:00,1388.1
2024-09-11 07:10:00,1412.7
2024-09-11 07:11:00,1437.4
2024-09-11 07:12:00,1438.9
2024-09-11 07:13:00,1610.4
2024-09-11 07:14:00,-215.0
2024-09-11 07:15:00,4642.6
2024-09-11 07:16:00,5280.9
2024-09-11 07:17:00,1452.0
2024-09-11 07:18:00,1451.0
2024-09-11 07:19:00,1472.4
2024-09-11 07:20:00,1498.5
2024-09-11 07:21:00,1498.7
2024-09-11 07:22:00,703.0
2024-09-11 07:23:00,-235.0
2024-09-11 07:24:00,-94.7
2024-09-11 07:25:00,-141.6
2024-09-11 07:26:00,1418.9
2024-09-11 07:27:00,1392.8
2024-09-11 07:28:00,1407.8
2024-09-11 07:29:00,1432.5
2024-09-11 07:30:00,716.9
2024-09-11 07:31:00,1595.7
2024-09-11 07:32:00,-236.4
2024-09-11 07:33:00,5417.6
2024-09-11 07:34:00,4736.9
2024-09-11 07:35:00,3709.7
2024-09-11 07:36:00,1503.2
2024-09-11 07:37:00,1502.8
2024-09-11 07:38:00,1503.2
2024-09-11 07:39:00,1500.4
2024-09-11 07:40:00,821.4
2024-09-11 07:41:00,-188.9
2024-09-11 07:42:00,-95.5
2024-09-11 07:43:00,-118.4
2024-09-11 07:44:00,1378.2
2024-09-11 07:45:00,1377.6
2024-09-11 07:46:00,1424.6
2024-09-11 07:47:00,1423.6
2024-09-11 07:48:00,1417.7
2024-09-11 07:49:00,-47.6
2024-09-11 07:50:00,1666.2
2024-09-11 07:51:00,4861.4
2024-09-11 07:52:00,5954.3
2024-09-11 07:53:00,1450.8
2024-09-11 07:54:00,536.7
2024-09-11 07:55:00,-375.2
2024-09-11 07:56:00,538.0
2024-09-11 07:57:00,1428.0
2024-09-11 07:58:00,-94.8
2024-09-11 07:59:00,-190.5
2024-09-11 08:00:00,-83.6
2024-09-11 08:01:00,-237.0
2024-09-11 08:02:00,539.8
2024-09-11 08:03:00,494.1
2024-09-11 08:04:00,1418.8
2024-09-11 08:05:00,1867.6
2024-09-11 08:06:00,-47.5
2024-09-11 08:07:00,67.5
2024-09-11 08:08:00,5747.8
2024-09-11 08:09:00,-213.7
2024-09-11 08:10:00,-305.0
2024-09-11 08:11:00,-24.2
2024-09-11 08:12:00,-70.8
2024-09-11 08:13:00,-24.1
2024-09-11 08:14:00,1274.4
2024-09-11 08:15:00,0.0
2024-09-11 08:16:00,17901.5
2024-09-11 08:17:00,12179.8
2024-09-11 08:18:00,12185.9
2024-09-11 08:19:00,20256.2
2024-09-11 08:20:00,20513.6
2024-09-11 08:21:00,12453.6
2024-09-11 08:22:00,11988.4
2024-09-11 08:23:00,11597.6
2024-09-11 08:24:00,11554.4
2024-09-11 08:25:00,12076.3
2024-09-11 08:26:00,12258.2
2024-09-11 08:27:00,12266.5
2024-09-11 08:28:00,12100.4
2024-09-11 08:29:00,11929.1
2024-09-11 08:30:00,11019.5
2024-09-11 08:31:00,13227.3
2024-09-11 08:32:00,3625.7
2024-09-11 08:33:00,-12418.3
2024-09-11 08:34:00,-12208.4
2024-09-11 08:35:00,-11674.2
2024-09-11 08:36:00,-11604.2
2024-09-11 08:37:00,-11771.2
2024-09-11 08:38:00,-12348.9
2024-09-11 08:39:00,-12392.2
2024-09-11 08:40:00,-12433.3
2024-09-11 08:41:00,-12391.0
2024-09-11 08:42:00,-12376.9
2024-09-11 08:43:00,-12338.4
2024-09-11 08:44:00,-11681.0
2024-09-11 08:45:00,-11559.7
2024-09-11 08:46:00,-11702.6
2024-09-11 08:47:00,-12410.2
2024-09-11 08:48:00,-12412.1
2024-09-11 08:49:00,-12448.9
2024-09-11 08:50:00,-12400.1
2024-09-11 08:51:00,2246.0
2024-09-11 08:52:00,2252.7
2024-09-11 08:53:00,2855.3
2024-09-11 08:54:00,2715.2
2024-09-11 08:55:00,2741.5
2024-09-11 08:56:00,2247.8
2024-09-11 08:57:00,2203.4
2024-09-11 08:58:00,2229.9
2024-09-11 08:59:00,2237.7
2024-09-11 09:00:00,1484.3
2024-09-11 09:01:00,-12380.2
2024-09-11 09:02:00,-11845.9
2024-09-11 09:03:00,-11908.3
2024-09-11 09:04:00,-11791.1
2024-09-11 09:05:00,-11824.9
2024-09-11 09:06:00,-12436.2
2024-09-11 09:07:00,-12405.3
2024-09-11 09:08:00,-12154.4
2024-09-11 09:09:00,-12459.6
2024-09-11 09:10:00,-12461.0
2024-09-11 09:11:00,-12464.8
2024-09-11 09:12:00,-11773.1
2024-09-11 09:13:00,-11959.2
2024-09-11 09:14:00,-11900.4
2024-09-11 09:15:00,-12456.6
2024-09-11 09:16:00,-11896.1
2024-09-11 09:17:00,-12364.9
2024-09-11 09:18:00,-12380.6
2024-09-11 09:19:00,-12437.3
2024-09-11 09:20:00,-12477.3
2024-09-11 09:21:00,-12294.8
2024-09-11 09:22:00,-11682.7
2024-09-11 09:23:00,-11974.5
2024-09-11 09:24:00,-11788.0
2024-09-11 09:25:00,-12435.5
2024-09-11 09:26:00,-12258.0
2024-09-11 09:27:00,-12418.5
2024-09-11 09:28:00,-12375.0
2024-09-11 09:29:00,-12198.1
2024-09-11 09:30:00,-6160.0
2024-09-11 09:31:00,-11592.8
2024-09-11 09:32:00,-11938.4
2024-09-11 09:33:00,-11895.0
2024-09-11 09:34:00,-12115.7
2024-09-11 09:35:00,-12321.8
2024-09-11 09:36:00,-12297.3
2024-09-11 09:37:00,-12440.6
2024-09-11 09:38:00,-12319.6
2024-09-11 09:39:00,-12404.6
2024-09-11 09:40:00,-12426.7
2024-09-11 09:41:00,-11699.5
2024-09-11 09:42:00,1125.3
2024-09-11 09:43:00,2069.8
2024-09-11 09:44:00,1528.5
2024-09-11 09:45:00,1057.5
2024-09-11 09:46:00,1480.6
2024-09-11 09:47:00,1479.2
2024-09-11 09:48:00,1481.7
2024-09-11 09:49:00,1480.6
2024-09-11 09:50:00,1456.9
2024-09-11 09:51:00,2231.1
2024-09-11 09:52:00,2043.8
2024-09-11 09:53:00,2071.9
2024-09-11 09:54:00,1463.1
2024-09-11 09:55:00,1463.1
2024-09-11 09:56:00,1463.7
2024-09-11 09:57:00,1488.5
2024-09-11 09:58:00,1490.2
2024-09-11 09:59:00,1440.3
2024-09-11 10:00:00,1028.1
2024-09-11 10:01:00,-7816.2
2024-09-11 10:02:00,-7979.0
2024-09-11 10:03:00,-8024.4
2024-09-11 10:04:00,-8482.9
2024-09-11 10:05:00,-8588.8
2024-09-11 10:06:00,-8527.1
2024-09-11 10:07:00,-8507.2
2024-09-11 10:08:00,-8504.1
2024-09-11 10:09:00,-8510.4
2024-09-11 10:10:00,-8398.8
2024-09-11 10:11:00,-7878.9
2024-09-11 10:12:00,-8001.7
2024-09-11 10:13:00,-7975.2
2024-09-11 10:14:00,-8588.3
2024-09-11 10:15:00,-8572.1
2024-09-11 10:16:00,-8533.0
2024-09-11 10:17:00,-8558.6
2024-09-11 10:18:00,-8397.8
2024-09-11 10:19:00,-8349.7
2024-09-11 10:20:00,-8322.8
2024-09-11 10:21:00,-7766.0
2024-09-11 10:22:00,-7902.1
2024-09-11 10:23:00,-7863.4
2024-09-11 10:24:00,-8478.8
2024-09-11 10:25:00,-8464.8
2024-09-11 10:26:00,-8416.1
2024-09-11 10:27:00,-8428.8
